Title,Price,Image URL,Rating,Colors,Size,Gender,Timestamp
t-shirt 2,1634400.0,https://picsum.photos/280/350?random=2,3.9,3,M,Women,2025-05-12 10:51:12.433587
hoodie 3,7950080.0,https://picsum.photos/280/350?random=3,4.8,3,L,Unisex,2025-05-12 10:51:12.433725
pants 4,7476960.0,https://picsum.photos/280/350?random=4,3.3,3,XL,Men,2025-05-12 10:51:12.433854
outerwear 5,5145440.0,https://picsum.photos/280/350?random=5,3.5,3,XXL,Women,2025-05-12 10:51:12.433987
jacket 6,2453920.0,https://picsum.photos/280/350?random=6,3.3,3,S,Unisex,2025-05-12 10:51:12.434111
crewneck 7,6892000.0,https://picsum.photos/280/350?random=7,4.3,3,M,Men,2025-05-12 10:51:12.434234
t-shirt 8,7802560.0,https://picsum.photos/280/350?random=8,3.1,3,L,Women,2025-05-12 10:51:12.434357
hoodie 9,3972160.0,https://picsum.photos/280/350?random=9,3.2,3,XL,Unisex,2025-05-12 10:51:12.434479
pants 10,3100160.0,https://picsum.photos/280/350?random=10,4.2,3,XXL,Men,2025-05-12 10:51:12.434603
jacket 12,8527840.0,https://picsum.photos/280/350?random=12,3.9,3,M,Unisex,2025-05-12 10:51:12.434856
crewneck 13,5447200.0,https://picsum.photos/280/350?random=13,3.2,3,L,Men,2025-05-12 10:51:12.434982
t-shirt 14,3248800.0,https://picsum.photos/280/350?random=14,3.8,3,XL,Women,2025-05-12 10:51:12.435107
hoodie 15,2184160.0,https://picsum.photos/280/350?random=15,3.6,3,XXL,Unisex,2025-05-12 10:51:12.435230
outerwear 17,841600.0,https://picsum.photos/280/350?random=17,3.8,3,M,Women,2025-05-12 10:51:12.435471
jacket 18,5500000.0,https://picsum.photos/280/350?random=18,3.8,3,L,Unisex,2025-05-12 10:51:12.435592
crewneck 19,1308960.0,https://picsum.photos/280/350?random=19,3.6,3,XL,Men,2025-05-12 10:51:12.435713
t-shirt 20,1325600.0,https://picsum.photos/280/350?random=20,3.4,3,XXL,Women,2025-05-12 10:51:12.435833
pants 22,4319680.0,https://picsum.photos/280/350?random=22,4.9,3,M,Men,2025-05-12 10:51:12.547934
outerwear 23,4655840.0,https://picsum.photos/280/350?random=23,3.7,3,L,Women,2025-05-12 10:51:12.548063
jacket 24,8223520.0,https://picsum.photos/280/350?random=24,3.9,3,XL,Unisex,2025-05-12 10:51:12.548194
crewneck 25,8322559.999999999,https://picsum.photos/280/350?random=25,3.3,3,XXL,Men,2025-05-12 10:51:12.548318
t-shirt 26,7292320.0,https://picsum.photos/280/350?random=26,4.6,3,S,Women,2025-05-12 10:51:12.548440
hoodie 27,3551840.0,https://picsum.photos/280/350?random=27,4.8,3,M,Unisex,2025-05-12 10:51:12.548563
pants 28,5216160.0,https://picsum.photos/280/350?random=28,4.0,3,L,Men,2025-05-12 10:51:12.548686
outerwear 29,861600.0,https://picsum.photos/280/350?random=29,3.1,3,XL,Women,2025-05-12 10:51:12.548810
jacket 30,8610240.0,https://picsum.photos/280/350?random=30,3.7,3,XXL,Unisex,2025-05-12 10:51:12.548936
t-shirt 32,6657920.0,https://picsum.photos/280/350?random=32,3.4,3,M,Women,2025-05-12 10:51:12.549177
hoodie 33,7248160.0,https://picsum.photos/280/350?random=33,3.5,3,L,Unisex,2025-05-12 10:51:12.549300
pants 34,8362719.999999999,https://picsum.photos/280/350?random=34,3.8,3,XL,Men,2025-05-12 10:51:12.549421
outerwear 35,1356160.0,https://picsum.photos/280/350?random=35,3.8,3,XXL,Women,2025-05-12 10:51:12.549544
jacket 36,7249280.0,https://picsum.photos/280/350?random=36,3.7,3,S,Unisex,2025-05-12 10:51:12.549664
crewneck 37,6006080.0,https://picsum.photos/280/350?random=37,4.0,3,M,Men,2025-05-12 10:51:12.549785
t-shirt 38,4866080.0,https://picsum.photos/280/350?random=38,3.2,3,L,Women,2025-05-12 10:51:12.549904
hoodie 39,6431200.0,https://picsum.photos/280/350?random=39,4.6,3,XL,Unisex,2025-05-12 10:51:12.550024
pants 40,5853600.0,https://picsum.photos/280/350?random=40,3.1,3,XXL,Men,2025-05-12 10:51:12.550143
jacket 42,6744160.0,https://picsum.photos/280/350?random=42,3.7,3,M,Unisex,2025-05-12 10:51:12.678613
crewneck 43,2909600.0,https://picsum.photos/280/350?random=43,4.5,3,L,Men,2025-05-12 10:51:12.678808
t-shirt 44,3312320.0,https://picsum.photos/280/350?random=44,3.0,3,XL,Women,2025-05-12 10:51:12.679115
hoodie 45,8693120.0,https://picsum.photos/280/350?random=45,4.5,3,XXL,Unisex,2025-05-12 10:51:12.679302
outerwear 47,6364640.0,https://picsum.photos/280/350?random=47,3.2,3,M,Women,2025-05-12 10:51:12.679637
jacket 48,4994720.0,https://picsum.photos/280/350?random=48,3.4,3,L,Unisex,2025-05-12 10:51:12.679778
crewneck 49,1071200.0,https://picsum.photos/280/350?random=49,4.0,3,XL,Men,2025-05-12 10:51:12.679901
t-shirt 50,5932960.0,https://picsum.photos/280/350?random=50,3.1,3,XXL,Women,2025-05-12 10:51:12.680066
pants 52,1596480.0,https://picsum.photos/280/350?random=52,4.0,3,M,Men,2025-05-12 10:51:12.680317
outerwear 53,4470880.0,https://picsum.photos/280/350?random=53,4.3,3,L,Women,2025-05-12 10:51:12.680441
jacket 54,854560.0,https://picsum.photos/280/350?random=54,4.2,3,XL,Unisex,2025-05-12 10:51:12.680565
crewneck 55,1793760.0,https://picsum.photos/280/350?random=55,3.6,3,XXL,Men,2025-05-12 10:51:12.680689
t-shirt 56,4643040.0,https://picsum.photos/280/350?random=56,3.8,3,S,Women,2025-05-12 10:51:12.680812
hoodie 57,3155360.0,https://picsum.photos/280/350?random=57,4.9,3,M,Unisex,2025-05-12 10:51:12.680937
pants 58,1637760.0,https://picsum.photos/280/350?random=58,4.4,3,L,Men,2025-05-12 10:51:12.681062
outerwear 59,2254240.0,https://picsum.photos/280/350?random=59,4.6,3,XL,Women,2025-05-12 10:51:12.681190
jacket 60,3375520.0,https://picsum.photos/280/350?random=60,4.2,3,XXL,Unisex,2025-05-12 10:51:12.681312
t-shirt 62,1376480.0,https://picsum.photos/280/350?random=62,3.8,3,M,Women,2025-05-12 10:51:12.787722
hoodie 63,6479200.0,https://picsum.photos/280/350?random=63,3.6,3,L,Unisex,2025-05-12 10:51:12.787851
pants 64,7728480.0,https://picsum.photos/280/350?random=64,4.0,3,XL,Men,2025-05-12 10:51:12.787979
outerwear 65,2385920.0,https://picsum.photos/280/350?random=65,4.1,3,XXL,Women,2025-05-12 10:51:12.788103
jacket 66,4353120.0,https://picsum.photos/280/350?random=66,3.5,3,S,Unisex,2025-05-12 10:51:12.788229
crewneck 67,8470720.0,https://picsum.photos/280/350?random=67,3.5,3,M,Men,2025-05-12 10:51:12.788352
t-shirt 68,8025280.0,https://picsum.photos/280/350?random=68,4.0,3,L,Women,2025-05-12 10:51:12.788477
hoodie 69,1027839.9999999999,https://picsum.photos/280/350?random=69,3.6,3,XL,Unisex,2025-05-12 10:51:12.788605
pants 70,1171360.0,https://picsum.photos/280/350?random=70,4.4,3,XXL,Men,2025-05-12 10:51:12.788727
jacket 72,3776000.0,https://picsum.photos/280/350?random=72,4.4,3,M,Unisex,2025-05-12 10:51:12.788976
crewneck 73,2460320.0,https://picsum.photos/280/350?random=73,3.0,3,L,Men,2025-05-12 10:51:12.789098
t-shirt 74,7704800.0,https://picsum.photos/280/350?random=74,3.8,3,XL,Women,2025-05-12 10:51:12.789219
hoodie 75,2101760.0,https://picsum.photos/280/350?random=75,4.3,3,XXL,Unisex,2025-05-12 10:51:12.789345
outerwear 77,861760.0,https://picsum.photos/280/350?random=77,3.7,3,M,Women,2025-05-12 10:51:12.789587
jacket 78,2716480.0,https://picsum.photos/280/350?random=78,4.3,3,L,Unisex,2025-05-12 10:51:12.789710
crewneck 79,3309600.0,https://picsum.photos/280/350?random=79,4.6,3,XL,Men,2025-05-12 10:51:12.789832
t-shirt 80,4178399.9999999995,https://picsum.photos/280/350?random=80,4.5,3,XXL,Women,2025-05-12 10:51:12.789953
pants 82,8315520.0,https://picsum.photos/280/350?random=82,4.8,3,M,Men,2025-05-12 10:51:12.890464
outerwear 83,3947840.0,https://picsum.photos/280/350?random=83,3.7,3,L,Women,2025-05-12 10:51:12.890623
jacket 84,2826080.0,https://picsum.photos/280/350?random=84,4.8,3,XL,Unisex,2025-05-12 10:51:12.890817
crewneck 85,4564160.0,https://picsum.photos/280/350?random=85,3.5,3,XXL,Men,2025-05-12 10:51:12.891012
t-shirt 86,1670880.0,https://picsum.photos/280/350?random=86,3.9,3,S,Women,2025-05-12 10:51:12.891171
hoodie 87,7870240.0,https://picsum.photos/280/350?random=87,4.3,3,M,Unisex,2025-05-12 10:51:12.891325
pants 88,7590400.0,https://picsum.photos/280/350?random=88,3.1,3,L,Men,2025-05-12 10:51:12.891477
outerwear 89,4856320.0,https://picsum.photos/280/350?random=89,3.0,3,XL,Women,2025-05-12 10:51:12.891629
jacket 90,7160000.0,https://picsum.photos/280/350?random=90,4.0,3,XXL,Unisex,2025-05-12 10:51:12.891781
t-shirt 92,5012320.0,https://picsum.photos/280/350?random=92,3.5,3,M,Women,2025-05-12 10:51:12.892082
hoodie 93,1365280.0,https://picsum.photos/280/350?random=93,3.6,3,L,Unisex,2025-05-12 10:51:12.892232
pants 94,1074880.0,https://picsum.photos/280/350?random=94,4.3,3,XL,Men,2025-05-12 10:51:12.892386
outerwear 95,6062240.0,https://picsum.photos/280/350?random=95,3.5,3,XXL,Women,2025-05-12 10:51:12.892539
jacket 96,4598240.0,https://picsum.photos/280/350?random=96,4.9,3,S,Unisex,2025-05-12 10:51:12.892694
crewneck 97,6113120.0,https://picsum.photos/280/350?random=97,3.9,3,M,Men,2025-05-12 10:51:12.892847
t-shirt 98,8596960.0,https://picsum.photos/280/350?random=98,3.1,3,L,Women,2025-05-12 10:51:12.892997
hoodie 99,5028000.0,https://picsum.photos/280/350?random=99,3.6,3,XL,Unisex,2025-05-12 10:51:12.893148
pants 100,2217280.0,https://picsum.photos/280/350?random=100,4.6,3,XXL,Men,2025-05-12 10:51:12.893297
jacket 102,3840640.0,https://picsum.photos/280/350?random=102,3.3,3,M,Unisex,2025-05-12 10:51:13.000796
crewneck 103,2331680.0,https://picsum.photos/280/350?random=103,3.5,3,L,Men,2025-05-12 10:51:13.000925
t-shirt 104,2374400.0,https://picsum.photos/280/350?random=104,3.8,3,XL,Women,2025-05-12 10:51:13.001053
hoodie 105,5019840.0,https://picsum.photos/280/350?random=105,4.2,3,XXL,Unisex,2025-05-12 10:51:13.001178
outerwear 107,6625120.0,https://picsum.photos/280/350?random=107,4.0,3,M,Women,2025-05-12 10:51:13.001422
jacket 108,5551680.0,https://picsum.photos/280/350?random=108,4.8,3,L,Unisex,2025-05-12 10:51:13.001600
crewneck 109,5886880.0,https://picsum.photos/280/350?random=109,3.3,3,XL,Men,2025-05-12 10:51:13.001728
t-shirt 110,7197120.0,https://picsum.photos/280/350?random=110,4.6,3,XXL,Women,2025-05-12 10:51:13.001853
pants 112,4261920.0,https://picsum.photos/280/350?random=112,3.3,3,M,Men,2025-05-12 10:51:13.003392
outerwear 113,4472000.0,https://picsum.photos/280/350?random=113,3.7,3,L,Women,2025-05-12 10:51:13.003518
jacket 114,5386560.0,https://picsum.photos/280/350?random=114,4.9,3,XL,Unisex,2025-05-12 10:51:13.003642
crewneck 115,1933280.0,https://picsum.photos/280/350?random=115,4.5,3,XXL,Men,2025-05-12 10:51:13.003765
t-shirt 116,3474560.0,https://picsum.photos/280/350?random=116,3.0,3,S,Women,2025-05-12 10:51:13.003959
hoodie 117,3376320.0,https://picsum.photos/280/350?random=117,5.0,3,M,Unisex,2025-05-12 10:51:13.004191
pants 118,5585440.0,https://picsum.photos/280/350?random=118,3.2,3,L,Men,2025-05-12 10:51:13.004360
outerwear 119,3561760.0,https://picsum.photos/280/350?random=119,3.4,3,XL,Women,2025-05-12 10:51:13.004517
jacket 120,7480320.0,https://picsum.photos/280/350?random=120,4.0,3,XXL,Unisex,2025-05-12 10:51:13.004685
t-shirt 122,1961920.0,https://picsum.photos/280/350?random=122,3.6,3,M,Women,2025-05-12 10:51:13.142123
hoodie 123,4498080.0,https://picsum.photos/280/350?random=123,3.8,3,L,Unisex,2025-05-12 10:51:13.142253
pants 124,7023520.0,https://picsum.photos/280/350?random=124,3.2,3,XL,Men,2025-05-12 10:51:13.142386
outerwear 125,6998240.0,https://picsum.photos/280/350?random=125,4.2,3,XXL,Women,2025-05-12 10:51:13.142511
jacket 126,4426080.0,https://picsum.photos/280/350?random=126,3.9,3,S,Unisex,2025-05-12 10:51:13.142636
crewneck 127,8311680.0,https://picsum.photos/280/350?random=127,4.0,3,M,Men,2025-05-12 10:51:13.142758
t-shirt 128,4466720.0,https://picsum.photos/280/350?random=128,3.8,3,L,Women,2025-05-12 10:51:13.142880
hoodie 129,2532480.0,https://picsum.photos/280/350?random=129,4.5,3,XL,Unisex,2025-05-12 10:51:13.143002
pants 130,6603520.0,https://picsum.photos/280/350?random=130,4.8,3,XXL,Men,2025-05-12 10:51:13.143125
jacket 132,6474880.0,https://picsum.photos/280/350?random=132,4.2,3,M,Unisex,2025-05-12 10:51:13.143367
crewneck 133,2016320.0,https://picsum.photos/280/350?random=133,4.7,3,L,Men,2025-05-12 10:51:13.143488
t-shirt 134,5937440.0,https://picsum.photos/280/350?random=134,3.2,3,XL,Women,2025-05-12 10:51:13.143613
hoodie 135,5141440.0,https://picsum.photos/280/350?random=135,4.7,3,XXL,Unisex,2025-05-12 10:51:13.143735
outerwear 137,6988320.0,https://picsum.photos/280/350?random=137,4.5,3,M,Women,2025-05-12 10:51:13.143975
jacket 138,4635520.0,https://picsum.photos/280/350?random=138,3.4,3,L,Unisex,2025-05-12 10:51:13.144160
crewneck 139,8053120.0,https://picsum.photos/280/350?random=139,4.5,3,XL,Men,2025-05-12 10:51:13.144285
t-shirt 140,6811040.0,https://picsum.photos/280/350?random=140,3.5,3,XXL,Women,2025-05-12 10:51:13.144406
pants 142,2325280.0,https://picsum.photos/280/350?random=142,4.9,3,M,Men,2025-05-12 10:51:13.355706
outerwear 143,3346560.0,https://picsum.photos/280/350?random=143,4.9,3,L,Women,2025-05-12 10:51:13.355865
jacket 144,5758240.0,https://picsum.photos/280/350?random=144,4.3,3,XL,Unisex,2025-05-12 10:51:13.356021
crewneck 145,3472800.0,https://picsum.photos/280/350?random=145,4.8,3,XXL,Men,2025-05-12 10:51:13.356175
t-shirt 146,7688640.0,https://picsum.photos/280/350?random=146,4.3,3,S,Women,2025-05-12 10:51:13.356327
hoodie 147,3052800.0,https://picsum.photos/280/350?random=147,5.0,3,M,Unisex,2025-05-12 10:51:13.356485
pants 148,6033440.0,https://picsum.photos/280/350?random=148,4.7,3,L,Men,2025-05-12 10:51:13.356636
outerwear 149,3105920.0,https://picsum.photos/280/350?random=149,3.2,3,XL,Women,2025-05-12 10:51:13.356786
jacket 150,1500640.0,https://picsum.photos/280/350?random=150,3.6,3,XXL,Unisex,2025-05-12 10:51:13.356941
t-shirt 152,6288640.0,https://picsum.photos/280/350?random=152,4.2,3,M,Women,2025-05-12 10:51:13.357267
hoodie 153,2660640.0,https://picsum.photos/280/350?random=153,4.3,3,L,Unisex,2025-05-12 10:51:13.357456
pants 154,2337440.0,https://picsum.photos/280/350?random=154,3.0,3,XL,Men,2025-05-12 10:51:13.357616
outerwear 155,3783200.0,https://picsum.photos/280/350?random=155,4.1,3,XXL,Women,2025-05-12 10:51:13.357770
jacket 156,6645120.0,https://picsum.photos/280/350?random=156,3.6,3,S,Unisex,2025-05-12 10:51:13.357933
crewneck 157,1105760.0,https://picsum.photos/280/350?random=157,4.0,3,M,Men,2025-05-12 10:51:13.358092
t-shirt 158,7321120.0,https://picsum.photos/280/350?random=158,4.0,3,L,Women,2025-05-12 10:51:13.358247
hoodie 159,2371680.0,https://picsum.photos/280/350?random=159,4.9,3,XL,Unisex,2025-05-12 10:51:13.358400
pants 160,2802880.0,https://picsum.photos/280/350?random=160,3.4,3,XXL,Men,2025-05-12 10:51:13.358559
jacket 162,1543840.0,https://picsum.photos/280/350?random=162,4.5,3,M,Unisex,2025-05-12 10:51:13.463348
crewneck 163,7861920.0,https://picsum.photos/280/350?random=163,4.4,3,L,Men,2025-05-12 10:51:13.463490
t-shirt 164,3512000.0,https://picsum.photos/280/350?random=164,3.9,3,XL,Women,2025-05-12 10:51:13.463629
hoodie 165,6921280.0,https://picsum.photos/280/350?random=165,4.9,3,XXL,Unisex,2025-05-12 10:51:13.463777
outerwear 167,3273760.0,https://picsum.photos/280/350?random=167,3.1,3,M,Women,2025-05-12 10:51:13.464027
jacket 168,870400.0,https://picsum.photos/280/350?random=168,4.4,3,L,Unisex,2025-05-12 10:51:13.464149
crewneck 169,8032800.0,https://picsum.photos/280/350?random=169,4.7,3,XL,Men,2025-05-12 10:51:13.464271
t-shirt 170,6677920.0,https://picsum.photos/280/350?random=170,4.5,3,XXL,Women,2025-05-12 10:51:13.464394
pants 172,1566080.0,https://picsum.photos/280/350?random=172,4.9,3,M,Men,2025-05-12 10:51:13.464636
outerwear 173,7034560.0,https://picsum.photos/280/350?random=173,4.6,3,L,Women,2025-05-12 10:51:13.464758
jacket 174,6282240.0,https://picsum.photos/280/350?random=174,3.3,3,XL,Unisex,2025-05-12 10:51:13.464882
crewneck 175,8125120.0,https://picsum.photos/280/350?random=175,4.5,3,XXL,Men,2025-05-12 10:51:13.465004
t-shirt 176,6104320.0,https://picsum.photos/280/350?random=176,3.6,3,S,Women,2025-05-12 10:51:13.465124
hoodie 177,1890400.0,https://picsum.photos/280/350?random=177,4.6,3,M,Unisex,2025-05-12 10:51:13.465244
pants 178,6184160.0,https://picsum.photos/280/350?random=178,3.0,3,L,Men,2025-05-12 10:51:13.465364
outerwear 179,5816640.0,https://picsum.photos/280/350?random=179,3.5,3,XL,Women,2025-05-12 10:51:13.465484
jacket 180,5552640.0,https://picsum.photos/280/350?random=180,3.9,3,XXL,Unisex,2025-05-12 10:51:13.465604
t-shirt 182,2334880.0,https://picsum.photos/280/350?random=182,3.8,3,M,Women,2025-05-12 10:51:13.572665
hoodie 183,3904640.0,https://picsum.photos/280/350?random=183,3.6,3,L,Unisex,2025-05-12 10:51:13.572826
pants 184,7759520.0,https://picsum.photos/280/350?random=184,4.5,3,XL,Men,2025-05-12 10:51:13.572983
outerwear 185,7822880.0,https://picsum.photos/280/350?random=185,3.2,3,XXL,Women,2025-05-12 10:51:13.573137
jacket 186,6940480.0,https://picsum.photos/280/350?random=186,4.2,3,S,Unisex,2025-05-12 10:51:13.573323
crewneck 187,6663520.0,https://picsum.photos/280/350?random=187,3.8,3,M,Men,2025-05-12 10:51:13.573514
t-shirt 188,3927840.0,https://picsum.photos/280/350?random=188,4.4,3,L,Women,2025-05-12 10:51:13.573671
hoodie 189,1946720.0,https://picsum.photos/280/350?random=189,4.0,3,XL,Unisex,2025-05-12 10:51:13.573824
pants 190,2220960.0,https://picsum.photos/280/350?random=190,4.5,3,XXL,Men,2025-05-12 10:51:13.573977
jacket 192,5066240.0,https://picsum.photos/280/350?random=192,3.8,3,M,Unisex,2025-05-12 10:51:13.574282
crewneck 193,7355680.0,https://picsum.photos/280/350?random=193,4.1,3,L,Men,2025-05-12 10:51:13.574435
t-shirt 194,2818720.0,https://picsum.photos/280/350?random=194,4.9,3,XL,Women,2025-05-12 10:51:13.574586
hoodie 195,7208960.0,https://picsum.photos/280/350?random=195,4.9,3,XXL,Unisex,2025-05-12 10:51:13.574739
outerwear 197,5681600.0,https://picsum.photos/280/350?random=197,4.9,3,M,Women,2025-05-12 10:51:13.575041
jacket 198,5435040.0,https://picsum.photos/280/350?random=198,4.5,3,L,Unisex,2025-05-12 10:51:13.575193
crewneck 199,6744320.0,https://picsum.photos/280/350?random=199,3.1,3,XL,Men,2025-05-12 10:51:13.575344
t-shirt 200,6289920.0,https://picsum.photos/280/350?random=200,3.5,3,XXL,Women,2025-05-12 10:51:13.575496
pants 202,5592480.0,https://picsum.photos/280/350?random=202,3.3,3,M,Men,2025-05-12 10:51:13.678166
outerwear 203,2144000.0,https://picsum.photos/280/350?random=203,3.4,3,L,Women,2025-05-12 10:51:13.678295
jacket 204,6031040.0,https://picsum.photos/280/350?random=204,3.9,3,XL,Unisex,2025-05-12 10:51:13.678421
crewneck 205,6434880.0,https://picsum.photos/280/350?random=205,3.2,3,XXL,Men,2025-05-12 10:51:13.678546
t-shirt 206,4674720.0,https://picsum.photos/280/350?random=206,4.5,3,S,Women,2025-05-12 10:51:13.678668
hoodie 207,6101440.0,https://picsum.photos/280/350?random=207,3.5,3,M,Unisex,2025-05-12 10:51:13.678789
pants 208,4637600.0,https://picsum.photos/280/350?random=208,3.1,3,L,Men,2025-05-12 10:51:13.678910
outerwear 209,7980640.0,https://picsum.photos/280/350?random=209,4.3,3,XL,Women,2025-05-12 10:51:13.679034
jacket 210,7827360.0,https://picsum.photos/280/350?random=210,4.7,3,XXL,Unisex,2025-05-12 10:51:13.679160
t-shirt 212,8794880.0,https://picsum.photos/280/350?random=212,4.7,3,M,Women,2025-05-12 10:51:13.679408
hoodie 213,5748000.0,https://picsum.photos/280/350?random=213,3.6,3,L,Unisex,2025-05-12 10:51:13.679531
pants 214,4315680.0,https://picsum.photos/280/350?random=214,4.9,3,XL,Men,2025-05-12 10:51:13.679652
outerwear 215,1449600.0,https://picsum.photos/280/350?random=215,3.8,3,XXL,Women,2025-05-12 10:51:13.679774
jacket 216,4576480.0,https://picsum.photos/280/350?random=216,4.6,3,S,Unisex,2025-05-12 10:51:13.679895
crewneck 217,5772960.0,https://picsum.photos/280/350?random=217,4.8,3,M,Men,2025-05-12 10:51:13.680015
t-shirt 218,5600320.0,https://picsum.photos/280/350?random=218,3.1,3,L,Women,2025-05-12 10:51:13.680137
hoodie 219,5671040.0,https://picsum.photos/280/350?random=219,4.6,3,XL,Unisex,2025-05-12 10:51:13.680257
pants 220,3357600.0,https://picsum.photos/280/350?random=220,3.2,3,XXL,Men,2025-05-12 10:51:13.680377
jacket 222,7438080.0,https://picsum.photos/280/350?random=222,3.4,3,M,Unisex,2025-05-12 10:51:13.790544
crewneck 223,952960.0,https://picsum.photos/280/350?random=223,4.8,3,L,Men,2025-05-12 10:51:13.790707
t-shirt 224,3534560.0,https://picsum.photos/280/350?random=224,4.5,3,XL,Women,2025-05-12 10:51:13.790866
hoodie 225,5232800.0,https://picsum.photos/280/350?random=225,3.5,3,XXL,Unisex,2025-05-12 10:51:13.791023
outerwear 227,6742560.0,https://picsum.photos/280/350?random=227,4.8,3,M,Women,2025-05-12 10:51:13.791335
jacket 228,8076800.0,https://picsum.photos/280/350?random=228,4.5,3,L,Unisex,2025-05-12 10:51:13.791491
crewneck 229,3101920.0,https://picsum.photos/280/350?random=229,4.9,3,XL,Men,2025-05-12 10:51:13.791647
t-shirt 230,7133280.0,https://picsum.photos/280/350?random=230,4.5,3,XXL,Women,2025-05-12 10:51:13.791804
pants 232,8327360.000000001,https://picsum.photos/280/350?random=232,4.0,3,M,Men,2025-05-12 10:51:13.792120
outerwear 233,847360.0,https://picsum.photos/280/350?random=233,4.8,3,L,Women,2025-05-12 10:51:13.792276
jacket 234,1159200.0,https://picsum.photos/280/350?random=234,4.5,3,XL,Unisex,2025-05-12 10:51:13.792433
crewneck 235,6560320.0,https://picsum.photos/280/350?random=235,3.4,3,XXL,Men,2025-05-12 10:51:13.792587
t-shirt 236,5492320.0,https://picsum.photos/280/350?random=236,3.9,3,S,Women,2025-05-12 10:51:13.792740
hoodie 237,4743520.0,https://picsum.photos/280/350?random=237,3.1,3,M,Unisex,2025-05-12 10:51:13.792894
pants 238,8301920.0,https://picsum.photos/280/350?random=238,3.8,3,L,Men,2025-05-12 10:51:13.793047
outerwear 239,7934080.0,https://picsum.photos/280/350?random=239,3.1,3,XL,Women,2025-05-12 10:51:13.793199
jacket 240,7600000.0,https://picsum.photos/280/350?random=240,3.8,3,XXL,Unisex,2025-05-12 10:51:13.793358
t-shirt 242,4833600.0,https://picsum.photos/280/350?random=242,3.4,3,M,Women,2025-05-12 10:51:13.910228
hoodie 243,3371680.0,https://picsum.photos/280/350?random=243,3.1,3,L,Unisex,2025-05-12 10:51:13.910389
pants 244,8116160.0,https://picsum.photos/280/350?random=244,3.1,3,XL,Men,2025-05-12 10:51:13.910546
outerwear 245,1451680.0,https://picsum.photos/280/350?random=245,4.0,3,XXL,Women,2025-05-12 10:51:13.910702
jacket 246,8735040.0,https://picsum.photos/280/350?random=246,3.1,3,S,Unisex,2025-05-12 10:51:13.910872
crewneck 247,8769120.0,https://picsum.photos/280/350?random=247,3.0,3,M,Men,2025-05-12 10:51:13.911012
t-shirt 248,2280000.0,https://picsum.photos/280/350?random=248,4.5,3,L,Women,2025-05-12 10:51:13.911151
hoodie 249,2149440.0,https://picsum.photos/280/350?random=249,4.2,3,XL,Unisex,2025-05-12 10:51:13.911287
pants 250,4314240.0,https://picsum.photos/280/350?random=250,3.1,3,XXL,Men,2025-05-12 10:51:13.911426
jacket 252,8408480.0,https://picsum.photos/280/350?random=252,3.2,3,M,Unisex,2025-05-12 10:51:13.911703
crewneck 253,1854720.0,https://picsum.photos/280/350?random=253,3.9,3,L,Men,2025-05-12 10:51:13.911840
t-shirt 254,5984160.0,https://picsum.photos/280/350?random=254,3.9,3,XL,Women,2025-05-12 10:51:13.911976
hoodie 255,3668000.0,https://picsum.photos/280/350?random=255,4.1,3,XXL,Unisex,2025-05-12 10:51:13.912111
outerwear 257,7073120.0,https://picsum.photos/280/350?random=257,5.0,3,M,Women,2025-05-12 10:51:13.912393
jacket 258,2080639.9999999998,https://picsum.photos/280/350?random=258,4.7,3,L,Unisex,2025-05-12 10:51:13.912515
crewneck 259,2275520.0,https://picsum.photos/280/350?random=259,3.3,3,XL,Men,2025-05-12 10:51:13.912636
t-shirt 260,6271520.0,https://picsum.photos/280/350?random=260,3.5,3,XXL,Women,2025-05-12 10:51:13.912757
pants 262,1097760.0,https://picsum.photos/280/350?random=262,3.4,3,M,Men,2025-05-12 10:51:14.018362
outerwear 263,1878400.0,https://picsum.photos/280/350?random=263,4.2,3,L,Women,2025-05-12 10:51:14.018796
jacket 264,2063040.0,https://picsum.photos/280/350?random=264,4.8,3,XL,Unisex,2025-05-12 10:51:14.018934
crewneck 265,2483040.0,https://picsum.photos/280/350?random=265,3.5,3,XXL,Men,2025-05-12 10:51:14.019066
t-shirt 266,4842080.0,https://picsum.photos/280/350?random=266,4.6,3,S,Women,2025-05-12 10:51:14.019196
hoodie 267,4086240.0,https://picsum.photos/280/350?random=267,4.3,3,M,Unisex,2025-05-12 10:51:14.019324
pants 268,5005120.0,https://picsum.photos/280/350?random=268,3.6,3,L,Men,2025-05-12 10:51:14.019451
outerwear 269,8073920.0,https://picsum.photos/280/350?random=269,3.1,3,XL,Women,2025-05-12 10:51:14.019576
jacket 270,2569120.0,https://picsum.photos/280/350?random=270,4.2,3,XXL,Unisex,2025-05-12 10:51:14.019704
t-shirt 272,5811840.0,https://picsum.photos/280/350?random=272,3.3,3,M,Women,2025-05-12 10:51:14.019954
hoodie 273,5291360.0,https://picsum.photos/280/350?random=273,4.9,3,L,Unisex,2025-05-12 10:51:14.020078
pants 274,3669280.0,https://picsum.photos/280/350?random=274,4.2,3,XL,Men,2025-05-12 10:51:14.020202
outerwear 275,5575360.0,https://picsum.photos/280/350?random=275,4.8,3,XXL,Women,2025-05-12 10:51:14.020368
jacket 276,1013600.0,https://picsum.photos/280/350?random=276,4.3,3,S,Unisex,2025-05-12 10:51:14.020498
crewneck 277,2383680.0,https://picsum.photos/280/350?random=277,4.7,3,M,Men,2025-05-12 10:51:14.020622
t-shirt 278,2087360.0000000002,https://picsum.photos/280/350?random=278,3.8,3,L,Women,2025-05-12 10:51:14.020745
hoodie 279,5592320.0,https://picsum.photos/280/350?random=279,4.7,3,XL,Unisex,2025-05-12 10:51:14.020869
pants 280,7501440.0,https://picsum.photos/280/350?random=280,3.9,3,XXL,Men,2025-05-12 10:51:14.020994
jacket 282,2227040.0,https://picsum.photos/280/350?random=282,3.0,3,M,Unisex,2025-05-12 10:51:14.121793
crewneck 283,6633120.0,https://picsum.photos/280/350?random=283,3.2,3,L,Men,2025-05-12 10:51:14.121952
t-shirt 284,6568000.0,https://picsum.photos/280/350?random=284,3.6,3,XL,Women,2025-05-12 10:51:14.122109
hoodie 285,3009120.0,https://picsum.photos/280/350?random=285,3.2,3,XXL,Unisex,2025-05-12 10:51:14.122282
outerwear 287,5273600.0,https://picsum.photos/280/350?random=287,3.7,3,M,Women,2025-05-12 10:51:14.122655
jacket 288,3123040.0,https://picsum.photos/280/350?random=288,4.1,3,L,Unisex,2025-05-12 10:51:14.122811
crewneck 289,888000.0,https://picsum.photos/280/350?random=289,4.0,3,XL,Men,2025-05-12 10:51:14.122966
t-shirt 290,6425120.0,https://picsum.photos/280/350?random=290,4.2,3,XXL,Women,2025-05-12 10:51:14.123122
pants 292,2384480.0,https://picsum.photos/280/350?random=292,3.9,3,M,Men,2025-05-12 10:51:14.123429
outerwear 293,1176160.0,https://picsum.photos/280/350?random=293,4.5,3,L,Women,2025-05-12 10:51:14.123582
jacket 294,5947200.0,https://picsum.photos/280/350?random=294,3.8,3,XL,Unisex,2025-05-12 10:51:14.123735
crewneck 295,7266720.0,https://picsum.photos/280/350?random=295,4.9,3,XXL,Men,2025-05-12 10:51:14.123887
t-shirt 296,1172160.0,https://picsum.photos/280/350?random=296,3.1,3,S,Women,2025-05-12 10:51:14.124040
hoodie 297,7801120.0,https://picsum.photos/280/350?random=297,3.6,3,M,Unisex,2025-05-12 10:51:14.124191
pants 298,2426080.0,https://picsum.photos/280/350?random=298,4.8,3,L,Men,2025-05-12 10:51:14.124343
outerwear 299,1947840.0,https://picsum.photos/280/350?random=299,4.3,3,XL,Women,2025-05-12 10:51:14.124496
jacket 300,6408480.0,https://picsum.photos/280/350?random=300,4.0,3,XXL,Unisex,2025-05-12 10:51:14.124648
t-shirt 302,5711200.0,https://picsum.photos/280/350?random=302,3.2,3,M,Women,2025-05-12 10:51:14.237494
hoodie 303,7974560.0,https://picsum.photos/280/350?random=303,4.1,3,L,Unisex,2025-05-12 10:51:14.237625
pants 304,7129760.0,https://picsum.photos/280/350?random=304,3.4,3,XL,Men,2025-05-12 10:51:14.237751
outerwear 305,6325440.0,https://picsum.photos/280/350?random=305,4.5,3,XXL,Women,2025-05-12 10:51:14.237881
jacket 306,7575040.0,https://picsum.photos/280/350?random=306,4.2,3,S,Unisex,2025-05-12 10:51:14.238006
crewneck 307,7735200.0,https://picsum.photos/280/350?random=307,3.7,3,M,Men,2025-05-12 10:51:14.238131
t-shirt 308,4086080.0,https://picsum.photos/280/350?random=308,4.1,3,L,Women,2025-05-12 10:51:14.238259
hoodie 309,3953120.0,https://picsum.photos/280/350?random=309,4.8,3,XL,Unisex,2025-05-12 10:51:14.238385
pants 310,6329280.0,https://picsum.photos/280/350?random=310,4.7,3,XXL,Men,2025-05-12 10:51:14.238509
jacket 312,7267040.0,https://picsum.photos/280/350?random=312,3.8,3,M,Unisex,2025-05-12 10:51:14.238754
crewneck 313,1948320.0,https://picsum.photos/280/350?random=313,3.1,3,L,Men,2025-05-12 10:51:14.238882
t-shirt 314,6017120.0,https://picsum.photos/280/350?random=314,3.2,3,XL,Women,2025-05-12 10:51:14.239004
hoodie 315,7022880.0,https://picsum.photos/280/350?random=315,3.1,3,XXL,Unisex,2025-05-12 10:51:14.239137
outerwear 317,5259040.0,https://picsum.photos/280/350?random=317,3.3,3,M,Women,2025-05-12 10:51:14.239384
jacket 318,5667200.0,https://picsum.photos/280/350?random=318,3.7,3,L,Unisex,2025-05-12 10:51:14.239508
crewneck 319,3085920.0,https://picsum.photos/280/350?random=319,3.3,3,XL,Men,2025-05-12 10:51:14.239630
t-shirt 320,829440.0,https://picsum.photos/280/350?random=320,3.3,3,XXL,Women,2025-05-12 10:51:14.239752
pants 322,7810400.0,https://picsum.photos/280/350?random=322,3.2,3,M,Men,2025-05-12 10:51:14.344247
outerwear 323,8468000.0,https://picsum.photos/280/350?random=323,3.1,3,L,Women,2025-05-12 10:51:14.344417
jacket 324,6082720.0,https://picsum.photos/280/350?random=324,3.3,3,XL,Unisex,2025-05-12 10:51:14.344551
crewneck 325,3001760.0,https://picsum.photos/280/350?random=325,3.4,3,XXL,Men,2025-05-12 10:51:14.344686
t-shirt 326,4519360.0,https://picsum.photos/280/350?random=326,4.9,3,S,Women,2025-05-12 10:51:14.344819
hoodie 327,6641440.0,https://picsum.photos/280/350?random=327,4.4,3,M,Unisex,2025-05-12 10:51:14.344949
pants 328,5732960.0,https://picsum.photos/280/350?random=328,4.5,3,L,Men,2025-05-12 10:51:14.345080
outerwear 329,6724160.0,https://picsum.photos/280/350?random=329,4.7,3,XL,Women,2025-05-12 10:51:14.345209
jacket 330,1591200.0,https://picsum.photos/280/350?random=330,4.3,3,XXL,Unisex,2025-05-12 10:51:14.345339
t-shirt 332,2335680.0,https://picsum.photos/280/350?random=332,3.4,3,M,Women,2025-05-12 10:51:14.345602
hoodie 333,1746080.0,https://picsum.photos/280/350?random=333,4.8,3,L,Unisex,2025-05-12 10:51:14.345736
pants 334,2409440.0,https://picsum.photos/280/350?random=334,3.8,3,XL,Men,2025-05-12 10:51:14.345874
outerwear 335,2826720.0,https://picsum.photos/280/350?random=335,3.0,3,XXL,Women,2025-05-12 10:51:14.345994
jacket 336,6237760.0,https://picsum.photos/280/350?random=336,5.0,3,S,Unisex,2025-05-12 10:51:14.346114
crewneck 337,8608800.0,https://picsum.photos/280/350?random=337,4.3,3,M,Men,2025-05-12 10:51:14.346234
t-shirt 338,2883360.0,https://picsum.photos/280/350?random=338,3.9,3,L,Women,2025-05-12 10:51:14.346355
hoodie 339,4424800.0,https://picsum.photos/280/350?random=339,4.9,3,XL,Unisex,2025-05-12 10:51:14.346475
pants 340,5975200.0,https://picsum.photos/280/350?random=340,4.3,3,XXL,Men,2025-05-12 10:51:14.346594
jacket 342,1827680.0,https://picsum.photos/280/350?random=342,4.8,3,M,Unisex,2025-05-12 10:51:14.454193
crewneck 343,2279040.0,https://picsum.photos/280/350?random=343,4.1,3,L,Men,2025-05-12 10:51:14.454352
t-shirt 344,3415680.0,https://picsum.photos/280/350?random=344,4.5,3,XL,Women,2025-05-12 10:51:14.454514
hoodie 345,7577440.0,https://picsum.photos/280/350?random=345,3.3,3,XXL,Unisex,2025-05-12 10:51:14.454671
outerwear 347,6986080.0,https://picsum.photos/280/350?random=347,4.7,3,M,Women,2025-05-12 10:51:14.454979
jacket 348,3195040.0,https://picsum.photos/280/350?random=348,4.6,3,L,Unisex,2025-05-12 10:51:14.455132
crewneck 349,6085600.0,https://picsum.photos/280/350?random=349,3.5,3,XL,Men,2025-05-12 10:51:14.455301
t-shirt 350,8047680.0,https://picsum.photos/280/350?random=350,5.0,3,XXL,Women,2025-05-12 10:51:14.455490
pants 352,2838880.0,https://picsum.photos/280/350?random=352,4.0,3,M,Men,2025-05-12 10:51:14.455818
outerwear 353,961600.0,https://picsum.photos/280/350?random=353,3.6,3,L,Women,2025-05-12 10:51:14.455970
jacket 354,2294720.0,https://picsum.photos/280/350?random=354,3.8,3,XL,Unisex,2025-05-12 10:51:14.456124
crewneck 355,4246560.0,https://picsum.photos/280/350?random=355,3.2,3,XXL,Men,2025-05-12 10:51:14.456280
t-shirt 356,7150080.0,https://picsum.photos/280/350?random=356,4.3,3,S,Women,2025-05-12 10:51:14.456432
hoodie 357,3739360.0,https://picsum.photos/280/350?random=357,3.6,3,M,Unisex,2025-05-12 10:51:14.456583
pants 358,8479520.0,https://picsum.photos/280/350?random=358,3.9,3,L,Men,2025-05-12 10:51:14.456734
outerwear 359,1696480.0,https://picsum.photos/280/350?random=359,4.3,3,XL,Women,2025-05-12 10:51:14.456885
jacket 360,8788320.0,https://picsum.photos/280/350?random=360,4.8,3,XXL,Unisex,2025-05-12 10:51:14.457036
t-shirt 362,4776800.0,https://picsum.photos/280/350?random=362,5.0,3,M,Women,2025-05-12 10:51:14.567301
hoodie 363,1171360.0,https://picsum.photos/280/350?random=363,3.2,3,L,Unisex,2025-05-12 10:51:14.567630
pants 364,4972800.0,https://picsum.photos/280/350?random=364,4.8,3,XL,Men,2025-05-12 10:51:14.567811
outerwear 365,6956480.0,https://picsum.photos/280/350?random=365,4.5,3,XXL,Women,2025-05-12 10:51:14.567971
jacket 366,5854880.0,https://picsum.photos/280/350?random=366,4.9,3,S,Unisex,2025-05-12 10:51:14.568126
crewneck 367,8359360.000000001,https://picsum.photos/280/350?random=367,4.9,3,M,Men,2025-05-12 10:51:14.568281
t-shirt 368,965120.0,https://picsum.photos/280/350?random=368,3.2,3,L,Women,2025-05-12 10:51:14.568500
hoodie 369,7204960.0,https://picsum.photos/280/350?random=369,4.7,3,XL,Unisex,2025-05-12 10:51:14.568698
pants 370,4559680.0,https://picsum.photos/280/350?random=370,3.6,3,XXL,Men,2025-05-12 10:51:14.568863
jacket 372,5052960.0,https://picsum.photos/280/350?random=372,3.6,3,M,Unisex,2025-05-12 10:51:14.569218
crewneck 373,2231040.0,https://picsum.photos/280/350?random=373,3.6,3,L,Men,2025-05-12 10:51:14.569371
t-shirt 374,7697120.0,https://picsum.photos/280/350?random=374,3.9,3,XL,Women,2025-05-12 10:51:14.569524
hoodie 375,7027520.0,https://picsum.photos/280/350?random=375,3.9,3,XXL,Unisex,2025-05-12 10:51:14.569701
outerwear 377,6802080.0,https://picsum.photos/280/350?random=377,4.8,3,M,Women,2025-05-12 10:51:14.570013
jacket 378,3402400.0,https://picsum.photos/280/350?random=378,3.6,3,L,Unisex,2025-05-12 10:51:14.570167
crewneck 379,3963200.0,https://picsum.photos/280/350?random=379,4.4,3,XL,Men,2025-05-12 10:51:14.570325
t-shirt 380,2547040.0,https://picsum.photos/280/350?random=380,3.8,3,XXL,Women,2025-05-12 10:51:14.570477
pants 382,1356160.0,https://picsum.photos/280/350?random=382,4.4,3,M,Men,2025-05-12 10:51:14.681113
outerwear 383,3431040.0,https://picsum.photos/280/350?random=383,3.4,3,L,Women,2025-05-12 10:51:14.681267
jacket 384,1452960.0,https://picsum.photos/280/350?random=384,3.3,3,XL,Unisex,2025-05-12 10:51:14.681419
crewneck 385,7950720.0,https://picsum.photos/280/350?random=385,4.9,3,XXL,Men,2025-05-12 10:51:14.681570
t-shirt 386,4793600.0,https://picsum.photos/280/350?random=386,4.6,3,S,Women,2025-05-12 10:51:14.681718
hoodie 387,8418080.0,https://picsum.photos/280/350?random=387,4.2,3,M,Unisex,2025-05-12 10:51:14.681865
pants 388,931200.0,https://picsum.photos/280/350?random=388,3.1,3,L,Men,2025-05-12 10:51:14.682012
outerwear 389,2883200.0,https://picsum.photos/280/350?random=389,5.0,3,XL,Women,2025-05-12 10:51:14.683259
jacket 390,5432960.0,https://picsum.photos/280/350?random=390,3.3,3,XXL,Unisex,2025-05-12 10:51:14.683448
t-shirt 392,1226080.0,https://picsum.photos/280/350?random=392,4.4,3,M,Women,2025-05-12 10:51:14.683850
hoodie 393,4068480.0,https://picsum.photos/280/350?random=393,3.2,3,L,Unisex,2025-05-12 10:51:14.683997
pants 394,3540000.0,https://picsum.photos/280/350?random=394,3.3,3,XL,Men,2025-05-12 10:51:14.684127
outerwear 395,3098720.0,https://picsum.photos/280/350?random=395,4.0,3,XXL,Women,2025-05-12 10:51:14.684255
jacket 396,2505280.0,https://picsum.photos/280/350?random=396,3.9,3,S,Unisex,2025-05-12 10:51:14.684382
crewneck 397,855360.0,https://picsum.photos/280/350?random=397,3.6,3,M,Men,2025-05-12 10:51:14.684506
t-shirt 398,4592800.0,https://picsum.photos/280/350?random=398,4.7,3,L,Women,2025-05-12 10:51:14.684630
hoodie 399,2523520.0,https://picsum.photos/280/350?random=399,3.6,3,XL,Unisex,2025-05-12 10:51:14.684757
pants 400,6020640.0,https://picsum.photos/280/350?random=400,4.7,3,XXL,Men,2025-05-12 10:51:14.684881
jacket 402,2029120.0,https://picsum.photos/280/350?random=402,4.6,3,M,Unisex,2025-05-12 10:51:14.791892
crewneck 403,1580320.0,https://picsum.photos/280/350?random=403,4.1,3,L,Men,2025-05-12 10:51:14.792023
t-shirt 404,3501120.0,https://picsum.photos/280/350?random=404,4.9,3,XL,Women,2025-05-12 10:51:14.792172
hoodie 405,5080160.0,https://picsum.photos/280/350?random=405,3.8,3,XXL,Unisex,2025-05-12 10:51:14.792300
outerwear 407,2761280.0,https://picsum.photos/280/350?random=407,3.7,3,M,Women,2025-05-12 10:51:14.792581
jacket 408,4176000.0,https://picsum.photos/280/350?random=408,4.9,3,L,Unisex,2025-05-12 10:51:14.792707
crewneck 409,3221760.0,https://picsum.photos/280/350?random=409,3.5,3,XL,Men,2025-05-12 10:51:14.792836
t-shirt 410,1586720.0,https://picsum.photos/280/350?random=410,3.1,3,XXL,Women,2025-05-12 10:51:14.792960
pants 412,5438240.0,https://picsum.photos/280/350?random=412,4.4,3,M,Men,2025-05-12 10:51:14.793205
outerwear 413,1306400.0,https://picsum.photos/280/350?random=413,3.4,3,L,Women,2025-05-12 10:51:14.793356
jacket 414,2234720.0,https://picsum.photos/280/350?random=414,3.7,3,XL,Unisex,2025-05-12 10:51:14.793480
crewneck 415,3617440.0,https://picsum.photos/280/350?random=415,3.1,3,XXL,Men,2025-05-12 10:51:14.793603
t-shirt 416,4454080.0,https://picsum.photos/280/350?random=416,3.1,3,S,Women,2025-05-12 10:51:14.793724
hoodie 417,2769440.0,https://picsum.photos/280/350?random=417,4.6,3,M,Unisex,2025-05-12 10:51:14.793848
pants 418,6307840.0,https://picsum.photos/280/350?random=418,5.0,3,L,Men,2025-05-12 10:51:14.793970
outerwear 419,7004000.0,https://picsum.photos/280/350?random=419,5.0,3,XL,Women,2025-05-12 10:51:14.794142
jacket 420,2472640.0,https://picsum.photos/280/350?random=420,3.1,3,XXL,Unisex,2025-05-12 10:51:14.794268
t-shirt 422,924320.0,https://picsum.photos/280/350?random=422,3.9,3,M,Women,2025-05-12 10:51:14.902991
hoodie 423,4601760.0,https://picsum.photos/280/350?random=423,3.7,3,L,Unisex,2025-05-12 10:51:14.903122
pants 424,3865760.0,https://picsum.photos/280/350?random=424,4.4,3,XL,Men,2025-05-12 10:51:14.903250
outerwear 425,2528480.0,https://picsum.photos/280/350?random=425,4.8,3,XXL,Women,2025-05-12 10:51:14.903375
jacket 426,3462400.0,https://picsum.photos/280/350?random=426,3.4,3,S,Unisex,2025-05-12 10:51:14.903500
crewneck 427,6375200.0,https://picsum.photos/280/350?random=427,3.3,3,M,Men,2025-05-12 10:51:14.903624
t-shirt 428,7053120.0,https://picsum.photos/280/350?random=428,4.9,3,L,Women,2025-05-12 10:51:14.903750
hoodie 429,1658560.0,https://picsum.photos/280/350?random=429,4.9,3,XL,Unisex,2025-05-12 10:51:14.903875
pants 430,1442080.0,https://picsum.photos/280/350?random=430,3.9,3,XXL,Men,2025-05-12 10:51:14.904000
jacket 432,2151840.0,https://picsum.photos/280/350?random=432,4.5,3,M,Unisex,2025-05-12 10:51:14.904249
crewneck 433,3872480.0,https://picsum.photos/280/350?random=433,4.2,3,L,Men,2025-05-12 10:51:14.904374
t-shirt 434,6557120.0,https://picsum.photos/280/350?random=434,4.9,3,XL,Women,2025-05-12 10:51:14.904499
hoodie 435,1015680.0,https://picsum.photos/280/350?random=435,4.0,3,XXL,Unisex,2025-05-12 10:51:14.904622
outerwear 437,1016800.0,https://picsum.photos/280/350?random=437,3.9,3,M,Women,2025-05-12 10:51:14.904870
jacket 438,2453120.0,https://picsum.photos/280/350?random=438,4.5,3,L,Unisex,2025-05-12 10:51:14.904993
crewneck 439,4005440.0,https://picsum.photos/280/350?random=439,3.2,3,XL,Men,2025-05-12 10:51:14.905116
t-shirt 440,5326080.0,https://picsum.photos/280/350?random=440,3.0,3,XXL,Women,2025-05-12 10:51:14.905238
pants 442,4701600.0,https://picsum.photos/280/350?random=442,4.3,3,M,Men,2025-05-12 10:51:15.066768
outerwear 443,7262720.0,https://picsum.photos/280/350?random=443,4.2,3,L,Women,2025-05-12 10:51:15.066898
jacket 444,4016960.0,https://picsum.photos/280/350?random=444,3.3,3,XL,Unisex,2025-05-12 10:51:15.067023
crewneck 445,3574240.0,https://picsum.photos/280/350?random=445,4.5,3,XXL,Men,2025-05-12 10:51:15.067146
t-shirt 446,7740160.0,https://picsum.photos/280/350?random=446,3.2,3,S,Women,2025-05-12 10:51:15.067268
hoodie 447,4748640.0,https://picsum.photos/280/350?random=447,4.0,3,M,Unisex,2025-05-12 10:51:15.067390
pants 448,820160.0,https://picsum.photos/280/350?random=448,4.4,3,L,Men,2025-05-12 10:51:15.067512
outerwear 449,6410080.0,https://picsum.photos/280/350?random=449,4.0,3,XL,Women,2025-05-12 10:51:15.067633
jacket 450,8754880.0,https://picsum.photos/280/350?random=450,3.1,3,XXL,Unisex,2025-05-12 10:51:15.067753
t-shirt 452,6892800.0,https://picsum.photos/280/350?random=452,4.4,3,M,Women,2025-05-12 10:51:15.067992
hoodie 453,6576960.0,https://picsum.photos/280/350?random=453,4.2,3,L,Unisex,2025-05-12 10:51:15.068111
pants 454,2179520.0,https://picsum.photos/280/350?random=454,5.0,3,XL,Men,2025-05-12 10:51:15.068229
outerwear 455,1094080.0,https://picsum.photos/280/350?random=455,4.8,3,XXL,Women,2025-05-12 10:51:15.068347
jacket 456,8096000.0,https://picsum.photos/280/350?random=456,4.1,3,S,Unisex,2025-05-12 10:51:15.068466
crewneck 457,7342880.0,https://picsum.photos/280/350?random=457,4.8,3,M,Men,2025-05-12 10:51:15.068584
t-shirt 458,4240000.0,https://picsum.photos/280/350?random=458,4.4,3,L,Women,2025-05-12 10:51:15.068706
hoodie 459,3237280.0,https://picsum.photos/280/350?random=459,3.5,3,XL,Unisex,2025-05-12 10:51:15.068825
pants 460,1880800.0,https://picsum.photos/280/350?random=460,3.6,3,XXL,Men,2025-05-12 10:51:15.068945
jacket 462,6767840.0,https://picsum.photos/280/350?random=462,4.5,3,M,Unisex,2025-05-12 10:51:15.173020
crewneck 463,7539520.0,https://picsum.photos/280/350?random=463,4.5,3,L,Men,2025-05-12 10:51:15.173148
t-shirt 464,6070080.0,https://picsum.photos/280/350?random=464,4.5,3,XL,Women,2025-05-12 10:51:15.173272
hoodie 465,6164320.0,https://picsum.photos/280/350?random=465,4.7,3,XXL,Unisex,2025-05-12 10:51:15.173396
outerwear 467,1325920.0,https://picsum.photos/280/350?random=467,3.5,3,M,Women,2025-05-12 10:51:15.173638
jacket 468,4584960.0,https://picsum.photos/280/350?random=468,3.7,3,L,Unisex,2025-05-12 10:51:15.173760
crewneck 469,1738880.0,https://picsum.photos/280/350?random=469,4.2,3,XL,Men,2025-05-12 10:51:15.173880
t-shirt 470,7738880.0,https://picsum.photos/280/350?random=470,3.1,3,XXL,Women,2025-05-12 10:51:15.174001
pants 472,3902080.0,https://picsum.photos/280/350?random=472,3.1,3,M,Men,2025-05-12 10:51:15.174241
outerwear 473,5478080.0,https://picsum.photos/280/350?random=473,4.2,3,L,Women,2025-05-12 10:51:15.174363
jacket 474,5864960.0,https://picsum.photos/280/350?random=474,4.7,3,XL,Unisex,2025-05-12 10:51:15.174485
crewneck 475,7017280.0,https://picsum.photos/280/350?random=475,4.6,3,XXL,Men,2025-05-12 10:51:15.174605
t-shirt 476,3986240.0,https://picsum.photos/280/350?random=476,4.3,3,S,Women,2025-05-12 10:51:15.174726
hoodie 477,6626080.0,https://picsum.photos/280/350?random=477,4.2,3,M,Unisex,2025-05-12 10:51:15.174846
pants 478,4912000.0,https://picsum.photos/280/350?random=478,3.8,3,L,Men,2025-05-12 10:51:15.174966
outerwear 479,7302400.0,https://picsum.photos/280/350?random=479,4.4,3,XL,Women,2025-05-12 10:51:15.175086
jacket 480,4986240.0,https://picsum.photos/280/350?random=480,4.2,3,XXL,Unisex,2025-05-12 10:51:15.175206
t-shirt 482,3352480.0,https://picsum.photos/280/350?random=482,4.8,3,M,Women,2025-05-12 10:51:15.271785
hoodie 483,4035040.0,https://picsum.photos/280/350?random=483,4.2,3,L,Unisex,2025-05-12 10:51:15.271913
pants 484,6428640.0,https://picsum.photos/280/350?random=484,4.1,3,XL,Men,2025-05-12 10:51:15.272040
outerwear 485,4044480.0,https://picsum.photos/280/350?random=485,4.7,3,XXL,Women,2025-05-12 10:51:15.272166
jacket 486,2573760.0,https://picsum.photos/280/350?random=486,3.0,3,S,Unisex,2025-05-12 10:51:15.272289
crewneck 487,6955520.0,https://picsum.photos/280/350?random=487,3.7,3,M,Men,2025-05-12 10:51:15.272412
t-shirt 488,8789760.0,https://picsum.photos/280/350?random=488,3.8,3,L,Women,2025-05-12 10:51:15.272534
hoodie 489,3554560.0,https://picsum.photos/280/350?random=489,5.0,3,XL,Unisex,2025-05-12 10:51:15.272720
pants 490,7081600.0,https://picsum.photos/280/350?random=490,3.1,3,XXL,Men,2025-05-12 10:51:15.272846
jacket 492,6011840.0,https://picsum.photos/280/350?random=492,3.0,3,M,Unisex,2025-05-12 10:51:15.273098
crewneck 493,5071520.0,https://picsum.photos/280/350?random=493,4.8,3,L,Men,2025-05-12 10:51:15.273263
t-shirt 494,1390080.0,https://picsum.photos/280/350?random=494,3.4,3,XL,Women,2025-05-12 10:51:15.273416
hoodie 495,1663200.0,https://picsum.photos/280/350?random=495,4.5,3,XXL,Unisex,2025-05-12 10:51:15.273543
outerwear 497,3957760.0,https://picsum.photos/280/350?random=497,4.4,3,M,Women,2025-05-12 10:51:15.273786
jacket 498,4412800.0,https://picsum.photos/280/350?random=498,4.6,3,L,Unisex,2025-05-12 10:51:15.273907
crewneck 499,7825920.0,https://picsum.photos/280/350?random=499,4.1,3,XL,Men,2025-05-12 10:51:15.274027
t-shirt 500,8114400.0,https://picsum.photos/280/350?random=500,4.2,3,XXL,Women,2025-05-12 10:51:15.274148
pants 502,7132480.0,https://picsum.photos/280/350?random=502,4.4,3,M,Men,2025-05-12 10:51:15.409125
outerwear 503,4924480.0,https://picsum.photos/280/350?random=503,4.8,3,L,Women,2025-05-12 10:51:15.409296
jacket 504,8024480.0,https://picsum.photos/280/350?random=504,5.0,3,XL,Unisex,2025-05-12 10:51:15.409423
crewneck 505,8747680.0,https://picsum.photos/280/350?random=505,4.3,3,XXL,Men,2025-05-12 10:51:15.409546
t-shirt 506,8572000.0,https://picsum.photos/280/350?random=506,3.6,3,S,Women,2025-05-12 10:51:15.409669
hoodie 507,6844000.0,https://picsum.photos/280/350?random=507,4.7,3,M,Unisex,2025-05-12 10:51:15.409849
pants 508,7766080.0,https://picsum.photos/280/350?random=508,3.5,3,L,Men,2025-05-12 10:51:15.410006
outerwear 509,7178400.0,https://picsum.photos/280/350?random=509,3.1,3,XL,Women,2025-05-12 10:51:15.410132
jacket 510,1562080.0,https://picsum.photos/280/350?random=510,3.4,3,XXL,Unisex,2025-05-12 10:51:15.410255
t-shirt 512,4319680.0,https://picsum.photos/280/350?random=512,3.7,3,M,Women,2025-05-12 10:51:15.410522
hoodie 513,1693760.0,https://picsum.photos/280/350?random=513,4.4,3,L,Unisex,2025-05-12 10:51:15.410643
pants 514,6888960.0,https://picsum.photos/280/350?random=514,3.9,3,XL,Men,2025-05-12 10:51:15.410769
outerwear 515,7262560.0,https://picsum.photos/280/350?random=515,3.1,3,XXL,Women,2025-05-12 10:51:15.410893
jacket 516,7130720.0,https://picsum.photos/280/350?random=516,3.4,3,S,Unisex,2025-05-12 10:51:15.411015
crewneck 517,1069280.0,https://picsum.photos/280/350?random=517,3.5,3,M,Men,2025-05-12 10:51:15.411137
t-shirt 518,2575680.0,https://picsum.photos/280/350?random=518,4.1,3,L,Women,2025-05-12 10:51:15.411287
hoodie 519,2236160.0,https://picsum.photos/280/350?random=519,4.5,3,XL,Unisex,2025-05-12 10:51:15.411412
pants 520,2308320.0,https://picsum.photos/280/350?random=520,3.8,3,XXL,Men,2025-05-12 10:51:15.411534
jacket 522,6292960.0,https://picsum.photos/280/350?random=522,4.0,3,M,Unisex,2025-05-12 10:51:15.508034
crewneck 523,3626720.0,https://picsum.photos/280/350?random=523,4.6,3,L,Men,2025-05-12 10:51:15.508164
t-shirt 524,936000.0,https://picsum.photos/280/350?random=524,3.8,3,XL,Women,2025-05-12 10:51:15.508291
hoodie 525,7919040.0,https://picsum.photos/280/350?random=525,3.6,3,XXL,Unisex,2025-05-12 10:51:15.508417
outerwear 527,4669280.0,https://picsum.photos/280/350?random=527,3.6,3,M,Women,2025-05-12 10:51:15.508665
jacket 528,5595840.0,https://picsum.photos/280/350?random=528,4.0,3,L,Unisex,2025-05-12 10:51:15.508790
crewneck 529,1420160.0,https://picsum.photos/280/350?random=529,3.2,3,XL,Men,2025-05-12 10:51:15.508913
t-shirt 530,6173760.0,https://picsum.photos/280/350?random=530,3.3,3,XXL,Women,2025-05-12 10:51:15.509037
pants 532,8391200.0,https://picsum.photos/280/350?random=532,4.1,3,M,Men,2025-05-12 10:51:15.509282
outerwear 533,3370240.0,https://picsum.photos/280/350?random=533,4.2,3,L,Women,2025-05-12 10:51:15.509405
jacket 534,3479200.0,https://picsum.photos/280/350?random=534,3.7,3,XL,Unisex,2025-05-12 10:51:15.509527
crewneck 535,3901280.0,https://picsum.photos/280/350?random=535,3.7,3,XXL,Men,2025-05-12 10:51:15.509650
t-shirt 536,5092480.0,https://picsum.photos/280/350?random=536,3.0,3,S,Women,2025-05-12 10:51:15.509815
hoodie 537,8671840.0,https://picsum.photos/280/350?random=537,3.1,3,M,Unisex,2025-05-12 10:51:15.509945
pants 538,6134240.0,https://picsum.photos/280/350?random=538,3.4,3,L,Men,2025-05-12 10:51:15.510067
outerwear 539,4692640.0,https://picsum.photos/280/350?random=539,4.7,3,XL,Women,2025-05-12 10:51:15.510190
jacket 540,7051840.0,https://picsum.photos/280/350?random=540,4.4,3,XXL,Unisex,2025-05-12 10:51:15.510311
t-shirt 542,4761440.0,https://picsum.photos/280/350?random=542,3.5,3,M,Women,2025-05-12 10:51:15.615893
hoodie 543,8715680.0,https://picsum.photos/280/350?random=543,4.7,3,L,Unisex,2025-05-12 10:51:15.616094
pants 544,5957760.0,https://picsum.photos/280/350?random=544,3.1,3,XL,Men,2025-05-12 10:51:15.616259
outerwear 545,3579360.0,https://picsum.photos/280/350?random=545,4.0,3,XXL,Women,2025-05-12 10:51:15.616448
jacket 546,6271520.0,https://picsum.photos/280/350?random=546,3.3,3,S,Unisex,2025-05-12 10:51:15.616606
crewneck 547,5361120.0,https://picsum.photos/280/350?random=547,3.9,3,M,Men,2025-05-12 10:51:15.616762
t-shirt 548,2686240.0,https://picsum.photos/280/350?random=548,4.6,3,L,Women,2025-05-12 10:51:15.616917
hoodie 549,2687200.0,https://picsum.photos/280/350?random=549,3.7,3,XL,Unisex,2025-05-12 10:51:15.617070
pants 550,4450080.0,https://picsum.photos/280/350?random=550,4.9,3,XXL,Men,2025-05-12 10:51:15.617445
jacket 552,5380320.0,https://picsum.photos/280/350?random=552,4.1,3,M,Unisex,2025-05-12 10:51:15.618135
crewneck 553,7760800.0,https://picsum.photos/280/350?random=553,3.8,3,L,Men,2025-05-12 10:51:15.618330
t-shirt 554,4001120.0,https://picsum.photos/280/350?random=554,4.5,3,XL,Women,2025-05-12 10:51:15.618564
hoodie 555,1809600.0,https://picsum.photos/280/350?random=555,3.0,3,XXL,Unisex,2025-05-12 10:51:15.618730
outerwear 557,5460480.0,https://picsum.photos/280/350?random=557,3.4,3,M,Women,2025-05-12 10:51:15.619032
jacket 558,5007040.0,https://picsum.photos/280/350?random=558,4.0,3,L,Unisex,2025-05-12 10:51:15.619185
crewneck 559,1590880.0,https://picsum.photos/280/350?random=559,3.5,3,XL,Men,2025-05-12 10:51:15.619338
t-shirt 560,6885280.0,https://picsum.photos/280/350?random=560,4.2,3,XXL,Women,2025-05-12 10:51:15.619490
pants 562,3724160.0,https://picsum.photos/280/350?random=562,4.5,3,M,Men,2025-05-12 10:51:15.756591
outerwear 563,8197440.000000001,https://picsum.photos/280/350?random=563,4.7,3,L,Women,2025-05-12 10:51:15.756720
jacket 564,8319200.000000001,https://picsum.photos/280/350?random=564,4.3,3,XL,Unisex,2025-05-12 10:51:15.756846
crewneck 565,7635200.0,https://picsum.photos/280/350?random=565,3.5,3,XXL,Men,2025-05-12 10:51:15.756975
t-shirt 566,2611360.0,https://picsum.photos/280/350?random=566,4.6,3,S,Women,2025-05-12 10:51:15.757098
hoodie 567,4576160.0,https://picsum.photos/280/350?random=567,3.2,3,M,Unisex,2025-05-12 10:51:15.757221
pants 568,2984160.0,https://picsum.photos/280/350?random=568,3.3,3,L,Men,2025-05-12 10:51:15.757344
outerwear 569,4966880.0,https://picsum.photos/280/350?random=569,4.7,3,XL,Women,2025-05-12 10:51:15.757467
jacket 570,4000960.0,https://picsum.photos/280/350?random=570,3.9,3,XXL,Unisex,2025-05-12 10:51:15.757589
t-shirt 572,4756320.0,https://picsum.photos/280/350?random=572,3.2,3,M,Women,2025-05-12 10:51:15.757840
hoodie 573,6954080.0,https://picsum.photos/280/350?random=573,4.5,3,L,Unisex,2025-05-12 10:51:15.757963
pants 574,2424000.0,https://picsum.photos/280/350?random=574,3.8,3,XL,Men,2025-05-12 10:51:15.758085
outerwear 575,3517760.0,https://picsum.photos/280/350?random=575,3.4,3,XXL,Women,2025-05-12 10:51:15.758263
jacket 576,805600.0,https://picsum.photos/280/350?random=576,3.5,3,S,Unisex,2025-05-12 10:51:15.758390
crewneck 577,7873920.0,https://picsum.photos/280/350?random=577,3.3,3,M,Men,2025-05-12 10:51:15.758512
t-shirt 578,7958880.0,https://picsum.photos/280/350?random=578,4.1,3,L,Women,2025-05-12 10:51:15.758634
hoodie 579,4428640.0,https://picsum.photos/280/350?random=579,4.4,3,XL,Unisex,2025-05-12 10:51:15.758754
pants 580,2625440.0,https://picsum.photos/280/350?random=580,3.3,3,XXL,Men,2025-05-12 10:51:15.758878
jacket 582,4112160.0,https://picsum.photos/280/350?random=582,4.1,3,M,Unisex,2025-05-12 10:51:15.868178
crewneck 583,5737760.0,https://picsum.photos/280/350?random=583,4.5,3,L,Men,2025-05-12 10:51:15.868346
t-shirt 584,6964960.0,https://picsum.photos/280/350?random=584,4.8,3,XL,Women,2025-05-12 10:51:15.868542
hoodie 585,6186880.0,https://picsum.photos/280/350?random=585,4.9,3,XXL,Unisex,2025-05-12 10:51:15.868720
outerwear 587,4424960.0,https://picsum.photos/280/350?random=587,4.4,3,M,Women,2025-05-12 10:51:15.869026
jacket 588,4963040.0,https://picsum.photos/280/350?random=588,4.7,3,L,Unisex,2025-05-12 10:51:15.869178
crewneck 589,931840.0,https://picsum.photos/280/350?random=589,4.7,3,XL,Men,2025-05-12 10:51:15.869333
t-shirt 590,6457120.0,https://picsum.photos/280/350?random=590,3.9,3,XXL,Women,2025-05-12 10:51:15.869486
pants 592,6805440.0,https://picsum.photos/280/350?random=592,4.3,3,M,Men,2025-05-12 10:51:15.869788
outerwear 593,7163840.0,https://picsum.photos/280/350?random=593,3.9,3,L,Women,2025-05-12 10:51:15.869940
jacket 594,8707680.0,https://picsum.photos/280/350?random=594,4.2,3,XL,Unisex,2025-05-12 10:51:15.870093
crewneck 595,3723840.0,https://picsum.photos/280/350?random=595,3.5,3,XXL,Men,2025-05-12 10:51:15.870245
t-shirt 596,8290400.0,https://picsum.photos/280/350?random=596,4.4,3,S,Women,2025-05-12 10:51:15.870396
hoodie 597,7969440.0,https://picsum.photos/280/350?random=597,3.3,3,M,Unisex,2025-05-12 10:51:15.870546
pants 598,4714080.0,https://picsum.photos/280/350?random=598,4.1,3,L,Men,2025-05-12 10:51:15.870701
outerwear 599,1179040.0,https://picsum.photos/280/350?random=599,3.3,3,XL,Women,2025-05-12 10:51:15.870853
jacket 600,6414080.0,https://picsum.photos/280/350?random=600,3.0,3,XXL,Unisex,2025-05-12 10:51:15.871007
t-shirt 602,2260960.0,https://picsum.photos/280/350?random=602,4.4,3,M,Women,2025-05-12 10:51:15.992325
hoodie 603,7511520.0,https://picsum.photos/280/350?random=603,3.1,3,L,Unisex,2025-05-12 10:51:15.992454
pants 604,7662240.0,https://picsum.photos/280/350?random=604,4.3,3,XL,Men,2025-05-12 10:51:15.992580
outerwear 605,1710720.0,https://picsum.photos/280/350?random=605,3.7,3,XXL,Women,2025-05-12 10:51:15.992704
jacket 606,5770720.0,https://picsum.photos/280/350?random=606,4.6,3,S,Unisex,2025-05-12 10:51:15.992829
crewneck 607,3857600.0,https://picsum.photos/280/350?random=607,3.1,3,M,Men,2025-05-12 10:51:15.992952
t-shirt 608,7047840.0,https://picsum.photos/280/350?random=608,4.6,3,L,Women,2025-05-12 10:51:15.993075
hoodie 609,2956320.0,https://picsum.photos/280/350?random=609,4.1,3,XL,Unisex,2025-05-12 10:51:15.993198
pants 610,4515360.0,https://picsum.photos/280/350?random=610,3.3,3,XXL,Men,2025-05-12 10:51:15.993322
jacket 612,3202720.0,https://picsum.photos/280/350?random=612,3.1,3,M,Unisex,2025-05-12 10:51:15.993566
crewneck 613,1013920.0,https://picsum.photos/280/350?random=613,3.6,3,L,Men,2025-05-12 10:51:15.993690
t-shirt 614,2428160.0,https://picsum.photos/280/350?random=614,3.1,3,XL,Women,2025-05-12 10:51:15.993813
hoodie 615,4798720.0,https://picsum.photos/280/350?random=615,4.8,3,XXL,Unisex,2025-05-12 10:51:15.993938
outerwear 617,1765920.0,https://picsum.photos/280/350?random=617,4.3,3,M,Women,2025-05-12 10:51:15.994182
jacket 618,6474080.0,https://picsum.photos/280/350?random=618,3.3,3,L,Unisex,2025-05-12 10:51:15.994305
crewneck 619,8340639.999999999,https://picsum.photos/280/350?random=619,4.4,3,XL,Men,2025-05-12 10:51:15.994427
t-shirt 620,2270240.0,https://picsum.photos/280/350?random=620,3.3,3,XXL,Women,2025-05-12 10:51:15.994550
pants 622,4849600.0,https://picsum.photos/280/350?random=622,3.5,3,M,Men,2025-05-12 10:51:16.166536
outerwear 623,7299520.0,https://picsum.photos/280/350?random=623,4.6,3,L,Women,2025-05-12 10:51:16.166845
jacket 624,6943200.0,https://picsum.photos/280/350?random=624,3.9,3,XL,Unisex,2025-05-12 10:51:16.167182
crewneck 625,7826400.0,https://picsum.photos/280/350?random=625,4.1,3,XXL,Men,2025-05-12 10:51:16.167495
t-shirt 626,7777440.0,https://picsum.photos/280/350?random=626,4.5,3,S,Women,2025-05-12 10:51:16.167701
hoodie 627,1232320.0,https://picsum.photos/280/350?random=627,3.2,3,M,Unisex,2025-05-12 10:51:16.167952
pants 628,8113120.0,https://picsum.photos/280/350?random=628,4.3,3,L,Men,2025-05-12 10:51:16.168123
outerwear 629,3997920.0,https://picsum.photos/280/350?random=629,4.4,3,XL,Women,2025-05-12 10:51:16.168282
jacket 630,1003680.0,https://picsum.photos/280/350?random=630,3.8,3,XXL,Unisex,2025-05-12 10:51:16.168442
t-shirt 632,4314240.0,https://picsum.photos/280/350?random=632,3.6,3,M,Women,2025-05-12 10:51:16.168760
hoodie 633,3128000.0,https://picsum.photos/280/350?random=633,3.1,3,L,Unisex,2025-05-12 10:51:16.168915
pants 634,8535680.0,https://picsum.photos/280/350?random=634,3.9,3,XL,Men,2025-05-12 10:51:16.169073
outerwear 635,6897120.0,https://picsum.photos/280/350?random=635,4.1,3,XXL,Women,2025-05-12 10:51:16.169230
jacket 636,3476320.0,https://picsum.photos/280/350?random=636,4.5,3,S,Unisex,2025-05-12 10:51:16.169387
crewneck 637,6030240.0,https://picsum.photos/280/350?random=637,4.0,3,M,Men,2025-05-12 10:51:16.169541
t-shirt 638,5220960.0,https://picsum.photos/280/350?random=638,4.6,3,L,Women,2025-05-12 10:51:16.169698
hoodie 639,6782720.0,https://picsum.photos/280/350?random=639,4.7,3,XL,Unisex,2025-05-12 10:51:16.169916
pants 640,3038560.0,https://picsum.photos/280/350?random=640,3.8,3,XXL,Men,2025-05-12 10:51:16.170077
jacket 642,7747360.0,https://picsum.photos/280/350?random=642,4.7,3,M,Unisex,2025-05-12 10:51:16.274895
crewneck 643,6116000.0,https://picsum.photos/280/350?random=643,3.2,3,L,Men,2025-05-12 10:51:16.275026
t-shirt 644,7479360.0,https://picsum.photos/280/350?random=644,4.2,3,XL,Women,2025-05-12 10:51:16.275155
hoodie 645,3285440.0,https://picsum.photos/280/350?random=645,3.3,3,XXL,Unisex,2025-05-12 10:51:16.275283
outerwear 647,4304960.0,https://picsum.photos/280/350?random=647,3.8,3,M,Women,2025-05-12 10:51:16.275537
jacket 648,8699520.0,https://picsum.photos/280/350?random=648,4.5,3,L,Unisex,2025-05-12 10:51:16.275664
crewneck 649,8588160.0,https://picsum.photos/280/350?random=649,3.2,3,XL,Men,2025-05-12 10:51:16.275790
t-shirt 650,8012800.0,https://picsum.photos/280/350?random=650,3.4,3,XXL,Women,2025-05-12 10:51:16.275916
pants 652,6084960.0,https://picsum.photos/280/350?random=652,3.3,3,M,Men,2025-05-12 10:51:16.276166
outerwear 653,2622080.0,https://picsum.photos/280/350?random=653,4.0,3,L,Women,2025-05-12 10:51:16.276292
jacket 654,4089440.0,https://picsum.photos/280/350?random=654,4.7,3,XL,Unisex,2025-05-12 10:51:16.276418
crewneck 655,1834240.0,https://picsum.photos/280/350?random=655,4.1,3,XXL,Men,2025-05-12 10:51:16.276544
t-shirt 656,2538720.0,https://picsum.photos/280/350?random=656,4.2,3,S,Women,2025-05-12 10:51:16.276670
hoodie 657,8459040.0,https://picsum.photos/280/350?random=657,4.8,3,M,Unisex,2025-05-12 10:51:16.276794
pants 658,6268320.0,https://picsum.photos/280/350?random=658,3.8,3,L,Men,2025-05-12 10:51:16.276917
outerwear 659,1817920.0,https://picsum.photos/280/350?random=659,3.3,3,XL,Women,2025-05-12 10:51:16.277041
jacket 660,8715200.0,https://picsum.photos/280/350?random=660,3.5,3,XXL,Unisex,2025-05-12 10:51:16.277166
t-shirt 662,1422720.0,https://picsum.photos/280/350?random=662,4.5,3,M,Women,2025-05-12 10:51:16.393832
hoodie 663,7087200.0,https://picsum.photos/280/350?random=663,4.0,3,L,Unisex,2025-05-12 10:51:16.393962
pants 664,8248639.999999999,https://picsum.photos/280/350?random=664,3.5,3,XL,Men,2025-05-12 10:51:16.394090
outerwear 665,4033600.0,https://picsum.photos/280/350?random=665,3.2,3,XXL,Women,2025-05-12 10:51:16.394214
jacket 666,4844000.0,https://picsum.photos/280/350?random=666,3.9,3,S,Unisex,2025-05-12 10:51:16.394340
crewneck 667,1756640.0,https://picsum.photos/280/350?random=667,3.7,3,M,Men,2025-05-12 10:51:16.394463
t-shirt 668,5044640.0,https://picsum.photos/280/350?random=668,3.7,3,L,Women,2025-05-12 10:51:16.394588
hoodie 669,2346080.0,https://picsum.photos/280/350?random=669,3.3,3,XL,Unisex,2025-05-12 10:51:16.394711
pants 670,8406720.0,https://picsum.photos/280/350?random=670,4.8,3,XXL,Men,2025-05-12 10:51:16.394834
jacket 672,4776160.0,https://picsum.photos/280/350?random=672,4.5,3,M,Unisex,2025-05-12 10:51:16.395078
crewneck 673,2803360.0,https://picsum.photos/280/350?random=673,4.7,3,L,Men,2025-05-12 10:51:16.395201
t-shirt 674,3156640.0,https://picsum.photos/280/350?random=674,3.1,3,XL,Women,2025-05-12 10:51:16.396621
hoodie 675,4314880.0,https://picsum.photos/280/350?random=675,3.2,3,XXL,Unisex,2025-05-12 10:51:16.396890
outerwear 677,4657440.0,https://picsum.photos/280/350?random=677,3.3,3,M,Women,2025-05-12 10:51:16.397150
jacket 678,2777120.0,https://picsum.photos/280/350?random=678,4.3,3,L,Unisex,2025-05-12 10:51:16.397276
crewneck 679,6373120.0,https://picsum.photos/280/350?random=679,3.2,3,XL,Men,2025-05-12 10:51:16.397403
t-shirt 680,8164800.0,https://picsum.photos/280/350?random=680,3.2,3,XXL,Women,2025-05-12 10:51:16.397527
pants 682,7616480.0,https://picsum.photos/280/350?random=682,3.9,3,M,Men,2025-05-12 10:51:16.502369
outerwear 683,3907360.0,https://picsum.photos/280/350?random=683,3.6,3,L,Women,2025-05-12 10:51:16.502499
jacket 684,7102560.0,https://picsum.photos/280/350?random=684,3.5,3,XL,Unisex,2025-05-12 10:51:16.502625
crewneck 685,1495840.0,https://picsum.photos/280/350?random=685,4.6,3,XXL,Men,2025-05-12 10:51:16.502751
t-shirt 686,5381760.0,https://picsum.photos/280/350?random=686,3.8,3,S,Women,2025-05-12 10:51:16.502875
hoodie 687,4220800.0,https://picsum.photos/280/350?random=687,4.7,3,M,Unisex,2025-05-12 10:51:16.502998
pants 688,1487520.0,https://picsum.photos/280/350?random=688,4.4,3,L,Men,2025-05-12 10:51:16.503122
outerwear 689,1939040.0,https://picsum.photos/280/350?random=689,4.6,3,XL,Women,2025-05-12 10:51:16.503246
jacket 690,8782560.0,https://picsum.photos/280/350?random=690,4.7,3,XXL,Unisex,2025-05-12 10:51:16.503370
t-shirt 692,1416480.0,https://picsum.photos/280/350?random=692,4.1,3,M,Women,2025-05-12 10:51:16.503615
hoodie 693,3031680.0,https://picsum.photos/280/350?random=693,4.1,3,L,Unisex,2025-05-12 10:51:16.503738
pants 694,2466720.0,https://picsum.photos/280/350?random=694,3.4,3,XL,Men,2025-05-12 10:51:16.503860
outerwear 695,959360.0,https://picsum.photos/280/350?random=695,3.3,3,XXL,Women,2025-05-12 10:51:16.503983
jacket 696,5146240.0,https://picsum.photos/280/350?random=696,4.2,3,S,Unisex,2025-05-12 10:51:16.504105
crewneck 697,6545120.0,https://picsum.photos/280/350?random=697,5.0,3,M,Men,2025-05-12 10:51:16.504228
t-shirt 698,2444960.0,https://picsum.photos/280/350?random=698,4.1,3,L,Women,2025-05-12 10:51:16.504349
hoodie 699,5250240.0,https://picsum.photos/280/350?random=699,4.5,3,XL,Unisex,2025-05-12 10:51:16.504470
pants 700,3526560.0,https://picsum.photos/280/350?random=700,4.3,3,XXL,Men,2025-05-12 10:51:16.504590
jacket 702,4927680.0,https://picsum.photos/280/350?random=702,4.3,3,M,Unisex,2025-05-12 10:51:16.609937
crewneck 703,2949120.0,https://picsum.photos/280/350?random=703,4.2,3,L,Men,2025-05-12 10:51:16.610097
t-shirt 704,6214240.0,https://picsum.photos/280/350?random=704,4.1,3,XL,Women,2025-05-12 10:51:16.610228
hoodie 705,3042880.0,https://picsum.photos/280/350?random=705,3.1,3,XXL,Unisex,2025-05-12 10:51:16.610354
outerwear 707,7746240.0,https://picsum.photos/280/350?random=707,4.4,3,M,Women,2025-05-12 10:51:16.610618
jacket 708,8541280.0,https://picsum.photos/280/350?random=708,4.3,3,L,Unisex,2025-05-12 10:51:16.610952
crewneck 709,7022400.0,https://picsum.photos/280/350?random=709,3.9,3,XL,Men,2025-05-12 10:51:16.611118
t-shirt 710,3751520.0,https://picsum.photos/280/350?random=710,3.2,3,XXL,Women,2025-05-12 10:51:16.611251
pants 712,1510400.0,https://picsum.photos/280/350?random=712,4.1,3,M,Men,2025-05-12 10:51:16.611512
outerwear 713,3142880.0,https://picsum.photos/280/350?random=713,4.4,3,L,Women,2025-05-12 10:51:16.612772
jacket 714,892320.0,https://picsum.photos/280/350?random=714,3.1,3,XL,Unisex,2025-05-12 10:51:16.612997
crewneck 715,7021760.0,https://picsum.photos/280/350?random=715,3.9,3,XXL,Men,2025-05-12 10:51:16.613132
t-shirt 716,3602560.0,https://picsum.photos/280/350?random=716,4.9,3,S,Women,2025-05-12 10:51:16.613258
hoodie 717,1532800.0,https://picsum.photos/280/350?random=717,3.6,3,M,Unisex,2025-05-12 10:51:16.613515
pants 718,4057120.0,https://picsum.photos/280/350?random=718,3.2,3,L,Men,2025-05-12 10:51:16.613652
outerwear 719,3172960.0,https://picsum.photos/280/350?random=719,4.7,3,XL,Women,2025-05-12 10:51:16.614127
jacket 720,2028320.0,https://picsum.photos/280/350?random=720,3.8,3,XXL,Unisex,2025-05-12 10:51:16.614362
t-shirt 722,8724320.0,https://picsum.photos/280/350?random=722,3.2,3,M,Women,2025-05-12 10:51:16.727344
hoodie 723,5664800.0,https://picsum.photos/280/350?random=723,3.4,3,L,Unisex,2025-05-12 10:51:16.727478
pants 724,4824800.0,https://picsum.photos/280/350?random=724,4.7,3,XL,Men,2025-05-12 10:51:16.727607
outerwear 725,4979200.0,https://picsum.photos/280/350?random=725,3.0,3,XXL,Women,2025-05-12 10:51:16.727733
jacket 726,6345920.0,https://picsum.photos/280/350?random=726,3.5,3,S,Unisex,2025-05-12 10:51:16.727859
crewneck 727,4024000.0,https://picsum.photos/280/350?random=727,4.8,3,M,Men,2025-05-12 10:51:16.727984
t-shirt 728,8173440.0,https://picsum.photos/280/350?random=728,3.0,3,L,Women,2025-05-12 10:51:16.729742
hoodie 729,6431360.0,https://picsum.photos/280/350?random=729,3.6,3,XL,Unisex,2025-05-12 10:51:16.729932
pants 730,7228800.0,https://picsum.photos/280/350?random=730,4.5,3,XXL,Men,2025-05-12 10:51:16.730060
jacket 732,6597600.0,https://picsum.photos/280/350?random=732,3.9,3,M,Unisex,2025-05-12 10:51:16.730311
crewneck 733,1162880.0,https://picsum.photos/280/350?random=733,4.7,3,L,Men,2025-05-12 10:51:16.730436
t-shirt 734,6858560.0,https://picsum.photos/280/350?random=734,4.2,3,XL,Women,2025-05-12 10:51:16.730562
hoodie 735,4664320.0,https://picsum.photos/280/350?random=735,4.0,3,XXL,Unisex,2025-05-12 10:51:16.730688
outerwear 737,1015680.0,https://picsum.photos/280/350?random=737,4.7,3,M,Women,2025-05-12 10:51:16.730937
jacket 738,1893920.0,https://picsum.photos/280/350?random=738,3.7,3,L,Unisex,2025-05-12 10:51:16.731061
crewneck 739,8072960.0,https://picsum.photos/280/350?random=739,3.3,3,XL,Men,2025-05-12 10:51:16.731185
t-shirt 740,7016640.0,https://picsum.photos/280/350?random=740,3.4,3,XXL,Women,2025-05-12 10:51:16.731310
pants 742,5626080.0,https://picsum.photos/280/350?random=742,3.6,3,M,Men,2025-05-12 10:51:16.850670
outerwear 743,5678080.0,https://picsum.photos/280/350?random=743,3.0,3,L,Women,2025-05-12 10:51:16.850802
jacket 744,5175680.0,https://picsum.photos/280/350?random=744,4.1,3,XL,Unisex,2025-05-12 10:51:16.850929
crewneck 745,2882560.0,https://picsum.photos/280/350?random=745,3.8,3,XXL,Men,2025-05-12 10:51:16.851056
t-shirt 746,1517440.0,https://picsum.photos/280/350?random=746,5.0,3,S,Women,2025-05-12 10:51:16.851182
hoodie 747,6326880.0,https://picsum.photos/280/350?random=747,4.7,3,M,Unisex,2025-05-12 10:51:16.851306
pants 748,3134080.0,https://picsum.photos/280/350?random=748,3.7,3,L,Men,2025-05-12 10:51:16.851432
outerwear 749,2627360.0,https://picsum.photos/280/350?random=749,3.2,3,XL,Women,2025-05-12 10:51:16.851556
jacket 750,1030400.0000000001,https://picsum.photos/280/350?random=750,3.7,3,XXL,Unisex,2025-05-12 10:51:16.851680
t-shirt 752,7431520.0,https://picsum.photos/280/350?random=752,3.8,3,M,Women,2025-05-12 10:51:16.851924
hoodie 753,8137600.0,https://picsum.photos/280/350?random=753,4.8,3,L,Unisex,2025-05-12 10:51:16.852045
pants 754,7229760.0,https://picsum.photos/280/350?random=754,3.1,3,XL,Men,2025-05-12 10:51:16.852167
outerwear 755,6910400.0,https://picsum.photos/280/350?random=755,4.6,3,XXL,Women,2025-05-12 10:51:16.852290
jacket 756,7128000.0,https://picsum.photos/280/350?random=756,3.1,3,S,Unisex,2025-05-12 10:51:16.852411
crewneck 757,7582720.0,https://picsum.photos/280/350?random=757,4.4,3,M,Men,2025-05-12 10:51:16.852531
t-shirt 758,6025920.0,https://picsum.photos/280/350?random=758,3.1,3,L,Women,2025-05-12 10:51:16.852653
hoodie 759,2779840.0,https://picsum.photos/280/350?random=759,4.7,3,XL,Unisex,2025-05-12 10:51:16.852776
pants 760,2191040.0,https://picsum.photos/280/350?random=760,4.1,3,XXL,Men,2025-05-12 10:51:16.852897
jacket 762,4091840.0,https://picsum.photos/280/350?random=762,4.9,3,M,Unisex,2025-05-12 10:51:16.959312
crewneck 763,5792640.0,https://picsum.photos/280/350?random=763,3.9,3,L,Men,2025-05-12 10:51:16.959441
t-shirt 764,7211680.0,https://picsum.photos/280/350?random=764,3.4,3,XL,Women,2025-05-12 10:51:16.959566
hoodie 765,1343360.0,https://picsum.photos/280/350?random=765,4.9,3,XXL,Unisex,2025-05-12 10:51:16.959691
outerwear 767,4152800.0,https://picsum.photos/280/350?random=767,4.5,3,M,Women,2025-05-12 10:51:16.959937
jacket 768,5662080.0,https://picsum.photos/280/350?random=768,4.9,3,L,Unisex,2025-05-12 10:51:16.960059
crewneck 769,6294560.0,https://picsum.photos/280/350?random=769,3.3,3,XL,Men,2025-05-12 10:51:16.960181
t-shirt 770,1655040.0,https://picsum.photos/280/350?random=770,3.5,3,XXL,Women,2025-05-12 10:51:16.960302
pants 772,8748160.0,https://picsum.photos/280/350?random=772,3.4,3,M,Men,2025-05-12 10:51:16.960544
outerwear 773,3393600.0,https://picsum.photos/280/350?random=773,3.2,3,L,Women,2025-05-12 10:51:16.960665
jacket 774,1485760.0,https://picsum.photos/280/350?random=774,4.1,3,XL,Unisex,2025-05-12 10:51:16.960786
crewneck 775,8189440.0,https://picsum.photos/280/350?random=775,3.1,3,XXL,Men,2025-05-12 10:51:16.961907
t-shirt 776,5333120.0,https://picsum.photos/280/350?random=776,3.7,3,S,Women,2025-05-12 10:51:16.962607
hoodie 777,6104800.0,https://picsum.photos/280/350?random=777,3.4,3,M,Unisex,2025-05-12 10:51:16.963073
pants 778,6034720.0,https://picsum.photos/280/350?random=778,4.2,3,L,Men,2025-05-12 10:51:16.963222
outerwear 779,5816480.0,https://picsum.photos/280/350?random=779,3.2,3,XL,Women,2025-05-12 10:51:16.963349
jacket 780,2767520.0,https://picsum.photos/280/350?random=780,3.4,3,XXL,Unisex,2025-05-12 10:51:16.963530
t-shirt 782,4117439.9999999995,https://picsum.photos/280/350?random=782,4.5,3,M,Women,2025-05-12 10:51:17.066545
hoodie 783,2510720.0,https://picsum.photos/280/350?random=783,3.0,3,L,Unisex,2025-05-12 10:51:17.066674
pants 784,5341280.0,https://picsum.photos/280/350?random=784,3.0,3,XL,Men,2025-05-12 10:51:17.066800
outerwear 785,6444480.0,https://picsum.photos/280/350?random=785,4.3,3,XXL,Women,2025-05-12 10:51:17.066924
jacket 786,6749280.0,https://picsum.photos/280/350?random=786,5.0,3,S,Unisex,2025-05-12 10:51:17.067048
crewneck 787,4593600.0,https://picsum.photos/280/350?random=787,4.7,3,M,Men,2025-05-12 10:51:17.067173
t-shirt 788,3041120.0,https://picsum.photos/280/350?random=788,4.7,3,L,Women,2025-05-12 10:51:17.067294
hoodie 789,2153280.0,https://picsum.photos/280/350?random=789,4.0,3,XL,Unisex,2025-05-12 10:51:17.067415
pants 790,1708320.0,https://picsum.photos/280/350?random=790,3.2,3,XXL,Men,2025-05-12 10:51:17.067536
jacket 792,4068960.0,https://picsum.photos/280/350?random=792,3.8,3,M,Unisex,2025-05-12 10:51:17.067776
crewneck 793,8650080.0,https://picsum.photos/280/350?random=793,4.0,3,L,Men,2025-05-12 10:51:17.067898
t-shirt 794,5983040.0,https://picsum.photos/280/350?random=794,4.0,3,XL,Women,2025-05-12 10:51:17.068021
hoodie 795,4209600.0,https://picsum.photos/280/350?random=795,3.9,3,XXL,Unisex,2025-05-12 10:51:17.068143
outerwear 797,2771360.0,https://picsum.photos/280/350?random=797,4.9,3,M,Women,2025-05-12 10:51:17.068383
jacket 798,4391040.0,https://picsum.photos/280/350?random=798,3.4,3,L,Unisex,2025-05-12 10:51:17.068502
crewneck 799,4048800.0,https://picsum.photos/280/350?random=799,4.2,3,XL,Men,2025-05-12 10:51:17.068622
t-shirt 800,7433280.0,https://picsum.photos/280/350?random=800,4.6,3,XXL,Women,2025-05-12 10:51:17.068742
pants 802,5710240.0,https://picsum.photos/280/350?random=802,4.4,3,M,Men,2025-05-12 10:51:17.175263
outerwear 803,1875360.0,https://picsum.photos/280/350?random=803,4.3,3,L,Women,2025-05-12 10:51:17.175394
jacket 804,4459040.0,https://picsum.photos/280/350?random=804,3.9,3,XL,Unisex,2025-05-12 10:51:17.175522
crewneck 805,3266720.0,https://picsum.photos/280/350?random=805,4.8,3,XXL,Men,2025-05-12 10:51:17.175648
t-shirt 806,7310560.0,https://picsum.photos/280/350?random=806,3.0,3,S,Women,2025-05-12 10:51:17.175773
hoodie 807,5016000.0,https://picsum.photos/280/350?random=807,4.7,3,M,Unisex,2025-05-12 10:51:17.175897
pants 808,8717760.0,https://picsum.photos/280/350?random=808,3.2,3,L,Men,2025-05-12 10:51:17.176021
outerwear 809,7162560.0,https://picsum.photos/280/350?random=809,3.7,3,XL,Women,2025-05-12 10:51:17.176144
jacket 810,3796640.0,https://picsum.photos/280/350?random=810,4.8,3,XXL,Unisex,2025-05-12 10:51:17.176267
t-shirt 812,6406080.0,https://picsum.photos/280/350?random=812,4.2,3,M,Women,2025-05-12 10:51:17.176514
hoodie 813,4872800.0,https://picsum.photos/280/350?random=813,5.0,3,L,Unisex,2025-05-12 10:51:17.176637
pants 814,1110080.0,https://picsum.photos/280/350?random=814,4.7,3,XL,Men,2025-05-12 10:51:17.176759
outerwear 815,5985440.0,https://picsum.photos/280/350?random=815,4.8,3,XXL,Women,2025-05-12 10:51:17.176881
jacket 816,1649120.0,https://picsum.photos/280/350?random=816,4.5,3,S,Unisex,2025-05-12 10:51:17.177002
crewneck 817,8744160.0,https://picsum.photos/280/350?random=817,4.4,3,M,Men,2025-05-12 10:51:17.177123
t-shirt 818,5160320.0,https://picsum.photos/280/350?random=818,3.8,3,L,Women,2025-05-12 10:51:17.177244
hoodie 819,4742400.0,https://picsum.photos/280/350?random=819,4.7,3,XL,Unisex,2025-05-12 10:51:17.178305
pants 820,6030720.0,https://picsum.photos/280/350?random=820,3.4,3,XXL,Men,2025-05-12 10:51:17.179020
jacket 822,838240.0,https://picsum.photos/280/350?random=822,4.2,3,M,Unisex,2025-05-12 10:51:17.288662
crewneck 823,6103520.0,https://picsum.photos/280/350?random=823,4.7,3,L,Men,2025-05-12 10:51:17.288791
t-shirt 824,3301440.0,https://picsum.photos/280/350?random=824,4.1,3,XL,Women,2025-05-12 10:51:17.288918
hoodie 825,1058400.0,https://picsum.photos/280/350?random=825,3.8,3,XXL,Unisex,2025-05-12 10:51:17.289044
outerwear 827,7091040.0,https://picsum.photos/280/350?random=827,4.8,3,M,Women,2025-05-12 10:51:17.289289
jacket 828,2324000.0,https://picsum.photos/280/350?random=828,4.6,3,L,Unisex,2025-05-12 10:51:17.289412
crewneck 829,4630400.0,https://picsum.photos/280/350?random=829,4.4,3,XL,Men,2025-05-12 10:51:17.289533
t-shirt 830,4496480.0,https://picsum.photos/280/350?random=830,3.0,3,XXL,Women,2025-05-12 10:51:17.289656
pants 832,3955360.0,https://picsum.photos/280/350?random=832,4.6,3,M,Men,2025-05-12 10:51:17.289900
outerwear 833,7101280.0,https://picsum.photos/280/350?random=833,3.0,3,L,Women,2025-05-12 10:51:17.290022
jacket 834,7223680.0,https://picsum.photos/280/350?random=834,3.1,3,XL,Unisex,2025-05-12 10:51:17.290144
crewneck 835,7143360.0,https://picsum.photos/280/350?random=835,3.9,3,XXL,Men,2025-05-12 10:51:17.290265
t-shirt 836,6065440.0,https://picsum.photos/280/350?random=836,4.1,3,S,Women,2025-05-12 10:51:17.290386
hoodie 837,5532640.0,https://picsum.photos/280/350?random=837,5.0,3,M,Unisex,2025-05-12 10:51:17.290507
pants 838,2848800.0,https://picsum.photos/280/350?random=838,3.1,3,L,Men,2025-05-12 10:51:17.290626
outerwear 839,4208320.0,https://picsum.photos/280/350?random=839,3.9,3,XL,Women,2025-05-12 10:51:17.290747
jacket 840,8164640.0,https://picsum.photos/280/350?random=840,3.6,3,XXL,Unisex,2025-05-12 10:51:17.290868
t-shirt 842,2859040.0,https://picsum.photos/280/350?random=842,3.3,3,M,Women,2025-05-12 10:51:17.397462
hoodie 843,2997120.0,https://picsum.photos/280/350?random=843,3.6,3,L,Unisex,2025-05-12 10:51:17.397590
pants 844,7422880.0,https://picsum.photos/280/350?random=844,3.9,3,XL,Men,2025-05-12 10:51:17.397718
outerwear 845,2023200.0,https://picsum.photos/280/350?random=845,3.2,3,XXL,Women,2025-05-12 10:51:17.397843
jacket 846,7480480.0,https://picsum.photos/280/350?random=846,3.6,3,S,Unisex,2025-05-12 10:51:17.397966
crewneck 847,4789920.0,https://picsum.photos/280/350?random=847,3.7,3,M,Men,2025-05-12 10:51:17.398090
t-shirt 848,6134240.0,https://picsum.photos/280/350?random=848,4.1,3,L,Women,2025-05-12 10:51:17.398212
hoodie 849,7816160.0,https://picsum.photos/280/350?random=849,3.5,3,XL,Unisex,2025-05-12 10:51:17.398334
pants 850,4144160.0,https://picsum.photos/280/350?random=850,4.2,3,XXL,Men,2025-05-12 10:51:17.398456
jacket 852,2777280.0,https://picsum.photos/280/350?random=852,4.1,3,M,Unisex,2025-05-12 10:51:17.398698
crewneck 853,2643840.0,https://picsum.photos/280/350?random=853,3.4,3,L,Men,2025-05-12 10:51:17.398820
t-shirt 854,1600000.0,https://picsum.photos/280/350?random=854,4.5,3,XL,Women,2025-05-12 10:51:17.398941
hoodie 855,3249760.0,https://picsum.photos/280/350?random=855,5.0,3,XXL,Unisex,2025-05-12 10:51:17.399062
outerwear 857,4532800.0,https://picsum.photos/280/350?random=857,3.0,3,M,Women,2025-05-12 10:51:17.399306
jacket 858,3748640.0,https://picsum.photos/280/350?random=858,3.7,3,L,Unisex,2025-05-12 10:51:17.399428
crewneck 859,6418560.0,https://picsum.photos/280/350?random=859,3.0,3,XL,Men,2025-05-12 10:51:17.399551
t-shirt 860,2419360.0,https://picsum.photos/280/350?random=860,4.7,3,XXL,Women,2025-05-12 10:51:17.399672
pants 862,4131359.9999999995,https://picsum.photos/280/350?random=862,3.3,3,M,Men,2025-05-12 10:51:17.503798
outerwear 863,1071360.0,https://picsum.photos/280/350?random=863,4.0,3,L,Women,2025-05-12 10:51:17.504017
jacket 864,2168000.0,https://picsum.photos/280/350?random=864,4.5,3,XL,Unisex,2025-05-12 10:51:17.504172
crewneck 865,6805120.0,https://picsum.photos/280/350?random=865,3.9,3,XXL,Men,2025-05-12 10:51:17.504305
t-shirt 866,2399040.0,https://picsum.photos/280/350?random=866,3.2,3,S,Women,2025-05-12 10:51:17.504436
hoodie 867,1303840.0,https://picsum.photos/280/350?random=867,3.3,3,M,Unisex,2025-05-12 10:51:17.504565
pants 868,7473760.0,https://picsum.photos/280/350?random=868,4.6,3,L,Men,2025-05-12 10:51:17.504691
outerwear 869,6040320.0,https://picsum.photos/280/350?random=869,4.5,3,XL,Women,2025-05-12 10:51:17.504818
jacket 870,6395040.0,https://picsum.photos/280/350?random=870,3.5,3,XXL,Unisex,2025-05-12 10:51:17.504944
t-shirt 872,1343680.0,https://picsum.photos/280/350?random=872,4.3,3,M,Women,2025-05-12 10:51:17.505204
hoodie 873,8321600.0,https://picsum.photos/280/350?random=873,4.8,3,L,Unisex,2025-05-12 10:51:17.505330
pants 874,2755200.0,https://picsum.photos/280/350?random=874,4.4,3,XL,Men,2025-05-12 10:51:17.505515
outerwear 875,2506720.0,https://picsum.photos/280/350?random=875,4.6,3,XXL,Women,2025-05-12 10:51:17.505643
jacket 876,3225760.0,https://picsum.photos/280/350?random=876,4.6,3,S,Unisex,2025-05-12 10:51:17.505769
crewneck 877,4552640.0,https://picsum.photos/280/350?random=877,4.6,3,M,Men,2025-05-12 10:51:17.505954
t-shirt 878,4809760.0,https://picsum.photos/280/350?random=878,4.7,3,L,Women,2025-05-12 10:51:17.506209
hoodie 879,1026880.0000000001,https://picsum.photos/280/350?random=879,3.1,3,XL,Unisex,2025-05-12 10:51:17.506354
pants 880,6497760.0,https://picsum.photos/280/350?random=880,4.3,3,XXL,Men,2025-05-12 10:51:17.506484
jacket 882,6420960.0,https://picsum.photos/280/350?random=882,3.3,3,M,Unisex,2025-05-12 10:51:17.636183
crewneck 883,5901120.0,https://picsum.photos/280/350?random=883,3.6,3,L,Men,2025-05-12 10:51:17.636312
t-shirt 884,7414720.0,https://picsum.photos/280/350?random=884,4.3,3,XL,Women,2025-05-12 10:51:17.636439
hoodie 885,4760640.0,https://picsum.photos/280/350?random=885,3.4,3,XXL,Unisex,2025-05-12 10:51:17.636565
outerwear 887,7806400.0,https://picsum.photos/280/350?random=887,3.8,3,M,Women,2025-05-12 10:51:17.636811
jacket 888,7869280.0,https://picsum.photos/280/350?random=888,4.2,3,L,Unisex,2025-05-12 10:51:17.636935
crewneck 889,6333920.0,https://picsum.photos/280/350?random=889,4.6,3,XL,Men,2025-05-12 10:51:17.637057
t-shirt 890,6439040.0,https://picsum.photos/280/350?random=890,4.7,3,XXL,Women,2025-05-12 10:51:17.637181
pants 892,8515360.0,https://picsum.photos/280/350?random=892,4.4,3,M,Men,2025-05-12 10:51:17.637428
outerwear 893,2673600.0,https://picsum.photos/280/350?random=893,3.2,3,L,Women,2025-05-12 10:51:17.637551
jacket 894,2946560.0,https://picsum.photos/280/350?random=894,4.8,3,XL,Unisex,2025-05-12 10:51:17.637673
crewneck 895,1126720.0,https://picsum.photos/280/350?random=895,4.3,3,XXL,Men,2025-05-12 10:51:17.637795
t-shirt 896,7873760.0,https://picsum.photos/280/350?random=896,4.9,3,S,Women,2025-05-12 10:51:17.637917
hoodie 897,6077920.0,https://picsum.photos/280/350?random=897,3.1,3,M,Unisex,2025-05-12 10:51:17.638038
pants 898,8408640.0,https://picsum.photos/280/350?random=898,4.1,3,L,Men,2025-05-12 10:51:17.638160
outerwear 899,6192960.0,https://picsum.photos/280/350?random=899,4.8,3,XL,Women,2025-05-12 10:51:17.638283
jacket 900,7214240.0,https://picsum.photos/280/350?random=900,3.3,3,XXL,Unisex,2025-05-12 10:51:17.638406
t-shirt 902,3164000.0,https://picsum.photos/280/350?random=902,3.6,3,M,Women,2025-05-12 10:51:17.869184
hoodie 903,2617920.0,https://picsum.photos/280/350?random=903,4.1,3,L,Unisex,2025-05-12 10:51:17.869317
pants 904,3356320.0,https://picsum.photos/280/350?random=904,3.9,3,XL,Men,2025-05-12 10:51:17.869447
outerwear 905,5027840.0,https://picsum.photos/280/350?random=905,4.9,3,XXL,Women,2025-05-12 10:51:17.869577
jacket 906,4301760.0,https://picsum.photos/280/350?random=906,3.9,3,S,Unisex,2025-05-12 10:51:17.869705
crewneck 907,8732640.0,https://picsum.photos/280/350?random=907,4.9,3,M,Men,2025-05-12 10:51:17.869833
t-shirt 908,7954880.0,https://picsum.photos/280/350?random=908,4.2,3,L,Women,2025-05-12 10:51:17.869958
hoodie 909,8383840.0,https://picsum.photos/280/350?random=909,3.6,3,XL,Unisex,2025-05-12 10:51:17.870084
pants 910,2395200.0,https://picsum.photos/280/350?random=910,4.7,3,XXL,Men,2025-05-12 10:51:17.870210
jacket 912,7853280.0,https://picsum.photos/280/350?random=912,4.9,3,M,Unisex,2025-05-12 10:51:17.870466
crewneck 913,3222240.0,https://picsum.photos/280/350?random=913,3.5,3,L,Men,2025-05-12 10:51:17.870592
t-shirt 914,5799200.0,https://picsum.photos/280/350?random=914,4.6,3,XL,Women,2025-05-12 10:51:17.870798
hoodie 915,2649120.0,https://picsum.photos/280/350?random=915,4.2,3,XXL,Unisex,2025-05-12 10:51:17.871134
outerwear 917,6061600.0,https://picsum.photos/280/350?random=917,4.0,3,M,Women,2025-05-12 10:51:17.871501
jacket 918,5380800.0,https://picsum.photos/280/350?random=918,3.3,3,L,Unisex,2025-05-12 10:51:17.871684
crewneck 919,8364000.0,https://picsum.photos/280/350?random=919,4.7,3,XL,Men,2025-05-12 10:51:17.871828
t-shirt 920,3706080.0,https://picsum.photos/280/350?random=920,3.2,3,XXL,Women,2025-05-12 10:51:17.871999
pants 922,1210880.0,https://picsum.photos/280/350?random=922,4.4,3,M,Men,2025-05-12 10:51:17.973744
outerwear 923,2435840.0,https://picsum.photos/280/350?random=923,3.7,3,L,Women,2025-05-12 10:51:17.973874
jacket 924,3764320.0,https://picsum.photos/280/350?random=924,3.8,3,XL,Unisex,2025-05-12 10:51:17.974002
crewneck 925,7900800.0,https://picsum.photos/280/350?random=925,4.5,3,XXL,Men,2025-05-12 10:51:17.974127
t-shirt 926,1911040.0,https://picsum.photos/280/350?random=926,4.6,3,S,Women,2025-05-12 10:51:17.974250
hoodie 927,7706400.0,https://picsum.photos/280/350?random=927,3.5,3,M,Unisex,2025-05-12 10:51:17.974372
pants 928,3911680.0,https://picsum.photos/280/350?random=928,3.4,3,L,Men,2025-05-12 10:51:17.974493
outerwear 929,1253440.0,https://picsum.photos/280/350?random=929,3.3,3,XL,Women,2025-05-12 10:51:17.974616
jacket 930,1741120.0,https://picsum.photos/280/350?random=930,4.9,3,XXL,Unisex,2025-05-12 10:51:17.974737
t-shirt 932,5937600.0,https://picsum.photos/280/350?random=932,4.2,3,M,Women,2025-05-12 10:51:17.975249
hoodie 933,4960800.0,https://picsum.photos/280/350?random=933,3.4,3,L,Unisex,2025-05-12 10:51:17.975422
pants 934,2248160.0,https://picsum.photos/280/350?random=934,3.6,3,XL,Men,2025-05-12 10:51:17.975550
outerwear 935,6048000.0,https://picsum.photos/280/350?random=935,4.1,3,XXL,Women,2025-05-12 10:51:17.976665
jacket 936,6165440.0,https://picsum.photos/280/350?random=936,3.1,3,S,Unisex,2025-05-12 10:51:17.976822
crewneck 937,2475360.0,https://picsum.photos/280/350?random=937,4.1,3,M,Men,2025-05-12 10:51:17.976948
t-shirt 938,4058400.0,https://picsum.photos/280/350?random=938,3.6,3,L,Women,2025-05-12 10:51:17.977311
hoodie 939,4466080.0,https://picsum.photos/280/350?random=939,4.8,3,XL,Unisex,2025-05-12 10:51:17.977547
pants 940,5776000.0,https://picsum.photos/280/350?random=940,3.7,3,XXL,Men,2025-05-12 10:51:17.978165
jacket 942,7972960.0,https://picsum.photos/280/350?random=942,3.0,3,M,Unisex,2025-05-12 10:51:18.085232
crewneck 943,4571040.0,https://picsum.photos/280/350?random=943,4.4,3,L,Men,2025-05-12 10:51:18.085391
t-shirt 944,1578240.0,https://picsum.photos/280/350?random=944,4.6,3,XL,Women,2025-05-12 10:51:18.085567
hoodie 945,2107680.0,https://picsum.photos/280/350?random=945,4.2,3,XXL,Unisex,2025-05-12 10:51:18.085735
outerwear 947,7079680.0,https://picsum.photos/280/350?random=947,4.6,3,M,Women,2025-05-12 10:51:18.086023
jacket 948,4600480.0,https://picsum.photos/280/350?random=948,3.9,3,L,Unisex,2025-05-12 10:51:18.086165
crewneck 949,1844320.0,https://picsum.photos/280/350?random=949,4.4,3,XL,Men,2025-05-12 10:51:18.086307
t-shirt 950,7691680.0,https://picsum.photos/280/350?random=950,4.9,3,XXL,Women,2025-05-12 10:51:18.086450
pants 952,7155040.0,https://picsum.photos/280/350?random=952,3.7,3,M,Men,2025-05-12 10:51:18.086733
outerwear 953,8423200.0,https://picsum.photos/280/350?random=953,3.8,3,L,Women,2025-05-12 10:51:18.086873
jacket 954,3878720.0,https://picsum.photos/280/350?random=954,4.1,3,XL,Unisex,2025-05-12 10:51:18.087019
crewneck 955,7006560.0,https://picsum.photos/280/350?random=955,4.7,3,XXL,Men,2025-05-12 10:51:18.087165
t-shirt 956,4457600.0,https://picsum.photos/280/350?random=956,3.1,3,S,Women,2025-05-12 10:51:18.087292
hoodie 957,4024320.0,https://picsum.photos/280/350?random=957,4.4,3,M,Unisex,2025-05-12 10:51:18.087418
pants 958,3946240.0,https://picsum.photos/280/350?random=958,4.8,3,L,Men,2025-05-12 10:51:18.087546
outerwear 959,6828480.0,https://picsum.photos/280/350?random=959,4.6,3,XL,Women,2025-05-12 10:51:18.087675
jacket 960,5840160.0,https://picsum.photos/280/350?random=960,4.5,3,XXL,Unisex,2025-05-12 10:51:18.087804
t-shirt 962,2887840.0,https://picsum.photos/280/350?random=962,4.1,3,M,Women,2025-05-12 10:51:18.196581
hoodie 963,7916160.0,https://picsum.photos/280/350?random=963,4.6,3,L,Unisex,2025-05-12 10:51:18.196711
pants 964,3885280.0,https://picsum.photos/280/350?random=964,3.3,3,XL,Men,2025-05-12 10:51:18.196837
outerwear 965,3107200.0,https://picsum.photos/280/350?random=965,4.5,3,XXL,Women,2025-05-12 10:51:18.196963
jacket 966,8499520.0,https://picsum.photos/280/350?random=966,4.9,3,S,Unisex,2025-05-12 10:51:18.197088
crewneck 967,1744000.0,https://picsum.photos/280/350?random=967,3.5,3,M,Men,2025-05-12 10:51:18.197211
t-shirt 968,4045120.0,https://picsum.photos/280/350?random=968,4.4,3,L,Women,2025-05-12 10:51:18.197334
hoodie 969,4231840.0,https://picsum.photos/280/350?random=969,3.8,3,XL,Unisex,2025-05-12 10:51:18.197457
pants 970,952960.0,https://picsum.photos/280/350?random=970,4.6,3,XXL,Men,2025-05-12 10:51:18.197578
jacket 972,7272000.0,https://picsum.photos/280/350?random=972,4.4,3,M,Unisex,2025-05-12 10:51:18.197821
crewneck 973,7134400.0,https://picsum.photos/280/350?random=973,3.9,3,L,Men,2025-05-12 10:51:18.197943
t-shirt 974,4769280.0,https://picsum.photos/280/350?random=974,3.0,3,XL,Women,2025-05-12 10:51:18.198084
hoodie 975,4816000.0,https://picsum.photos/280/350?random=975,3.6,3,XXL,Unisex,2025-05-12 10:51:18.198207
outerwear 977,3356000.0,https://picsum.photos/280/350?random=977,3.6,3,M,Women,2025-05-12 10:51:18.198454
jacket 978,3918240.0,https://picsum.photos/280/350?random=978,3.6,3,L,Unisex,2025-05-12 10:51:18.198576
crewneck 979,4848480.0,https://picsum.photos/280/350?random=979,3.4,3,XL,Men,2025-05-12 10:51:18.198700
t-shirt 980,6544000.0,https://picsum.photos/280/350?random=980,3.1,3,XXL,Women,2025-05-12 10:51:18.198821
pants 982,7281760.0,https://picsum.photos/280/350?random=982,4.9,3,M,Men,2025-05-12 10:51:18.303776
outerwear 983,5762560.0,https://picsum.photos/280/350?random=983,3.2,3,L,Women,2025-05-12 10:51:18.303906
jacket 984,7349440.0,https://picsum.photos/280/350?random=984,3.8,3,XL,Unisex,2025-05-12 10:51:18.304033
crewneck 985,6236000.0,https://picsum.photos/280/350?random=985,4.3,3,XXL,Men,2025-05-12 10:51:18.304158
t-shirt 986,6713760.0,https://picsum.photos/280/350?random=986,4.5,3,S,Women,2025-05-12 10:51:18.304282
hoodie 987,4008000.0,https://picsum.photos/280/350?random=987,4.7,3,M,Unisex,2025-05-12 10:51:18.304483
pants 988,2054239.9999999998,https://picsum.photos/280/350?random=988,3.5,3,L,Men,2025-05-12 10:51:18.304606
outerwear 989,6869440.0,https://picsum.photos/280/350?random=989,4.2,3,XL,Women,2025-05-12 10:51:18.304735
jacket 990,3327360.0,https://picsum.photos/280/350?random=990,4.2,3,XXL,Unisex,2025-05-12 10:51:18.304891
t-shirt 992,4840480.0,https://picsum.photos/280/350?random=992,4.9,3,M,Women,2025-05-12 10:51:18.305147
hoodie 993,6361920.0,https://picsum.photos/280/350?random=993,3.4,3,L,Unisex,2025-05-12 10:51:18.305268
pants 994,1693760.0,https://picsum.photos/280/350?random=994,4.4,3,XL,Men,2025-05-12 10:51:18.305390
outerwear 995,8046720.0,https://picsum.photos/280/350?random=995,3.2,3,XXL,Women,2025-05-12 10:51:18.305513
jacket 996,6942400.0,https://picsum.photos/280/350?random=996,4.3,3,S,Unisex,2025-05-12 10:51:18.305633
crewneck 997,5321280.0,https://picsum.photos/280/350?random=997,3.9,3,M,Men,2025-05-12 10:51:18.305756
t-shirt 998,908000.0,https://picsum.photos/280/350?random=998,4.2,3,L,Women,2025-05-12 10:51:18.305880
hoodie 999,8534240.0,https://picsum.photos/280/350?random=999,4.8,3,XL,Unisex,2025-05-12 10:51:18.306003
pants 1000,2938240.0,https://picsum.photos/280/350?random=1000,4.7,3,XXL,Men,2025-05-12 10:51:18.306125
